EEEEEEEEEEEEEEEEEEEEEEEEEEEEEEEEEEEEEEEEEEEEEEEEEEEEEEEEEEEEEEEEEEEEEEEE [  3%]
EEEEEEEEEEEEEEEEEEEEEEEEEEEEEEEEEEEEEEEEEEEEEEEEEEEEEEEEEEEEEEEEEEEEEEEE [  6%]
EEEEEEEEEEEEEEEEEEEEEEEEEEEEEEEEEEEEEEEEEEEEEEEEEEEEEEEEEEEEEEEEEEEEEEEE [  9%]
EEEEEEEEEEEEEEEEEEEEEEEEEEEEEEEEEEEEEEEEEEEEEEEEEEEEEEEEEEEEEEEEEEEEEEEE [ 13%]
EEEEEEEEEEEEEEEEEEEEEEEEEEEEEEEEEEEEEEEEEEEEEEEEEEEEEEEEEEEEEEEEEEEEEEEE [ 16%]
EEEEEEEEEEEEEEEEEEEEEEEEEEEEEEEEEEEEEEEEEEEEEEEEEEEEEEEEEEEEEEEEEEEEEEEE [ 19%]
EEEEEEEEEEEEEEEEEEEEEEEEEEEEEEEEEEEEEEEEEEEEEEEEEEEEEEEEEEEEEEEEEEEEEEEE [ 22%]
EEEEEEEEEEEEEEEEEEEEEEEEEEEEEEEEEEEEEEEEEEEEEEEEEEEEEEEEEEEEEEEEEEEEEEEE [ 26%]
EEEEEEEEEEEEEEEEEEEEEEEEEEEEEEEEEEEEEEEEEEEEEEEEEEEEEEEEEEEEEEEEEEEEEEEE [ 29%]
EEEEEEEEEEEEEEEEEEEEEEEEEEEEEEEEEEEEEEEEEEEEEEEEEEEEEEEEEEEEEEEEEEEEEEEE [ 32%]
EEEEEEEEEEEEEEEEEEEEEEEEEEEEEEEEEEEEEEEEEEEEEEEEEEEEEEEEEEEEEEEEEEEEEEEE [ 35%]
EEEEEEEEEEEEEEEEEEEEEEEEEEEEEEEEEEEEEEEEEEEEEEEEEEEEEEEEEEEEEEEEEEEEEEEE [ 39%]
EEEEEEEEEEEEEEEEEEEEEEEEEEEEEEEEEEEEEEEEEEEEEEEEEEEEEEEEEEEEEEEEEEEEEEEE [ 42%]
EEEEEEEEEEEEEEEEEEEEEEEEEEEEEEEEEEEEEEEEEEEEEEEEEEEEEEEEEEEEEEEEEEEEEEEE [ 45%]
EEEEEEEEEEEEEEEEEEEEEEEEEEEEEEEEEEEEEEEEEEEEEEEEEEEEEEEEEEEEEEEEEEEEEEEE [ 48%]
EEEEEEEEEEEEEEEEEEEEEEEEEEEEEEEEEEEEEEEEEEEEEEEEEEEEEEEEEEEEEEEEEEEEEEEE [ 52%]
EEEEEEEEEEEEEEEEEEEEEEEEEEEEEEEEEEEEEEEEEEEEEEEEEEEEEEEEEEEEEEEEEEEEEEEE [ 55%]
EEEEEEEEEEEEEEEEEEEEEEEEEEEEEEEEEEEEEEEEEEEEEEEEEEEEEEEEEEEEEEEEEEEEEEEE [ 58%]
EEEEEEEEEEEEEEEEEEEEEEEEEEEEEEEEEEEEEEEEEEEEEEEEEEEEEEEEEEEEEEEEEEEEEEEE [ 62%]
EEEEEEEEEEEEEEEEEEEEEEEEEEEEEEEEEEEEEEEEEEEEEEEEEEEEEEEEEEEEEEEEEEEEEEEE [ 65%]
EEEEEEEEEEEEEEEEEEEEEEEEEEEEEEEEEEEEEEEEEEEEEEEEEEEEEEEEEEEEEEEEEEEEEEEE [ 68%]
EEEEEEEEEEEEEEEEEEEEEEEEEEEEEEEEEEEEEEEEEEEEEEEEEEEEEEEEEEEEEEEEEEEEEEEE [ 71%]
EEEEEEEEEEEEEEEEEEEEEEEEEEEEEEEEEEEEEEEEEEEEEEEEEEEEEEEEEEEEEEEEEEEEEEEE [ 75%]
EEEEEEEEEEEEEEEEEEEEEEEEEEEEEEEEEEEEEEEEEEEEEEEEEEEEEEEEEEEEEEEEEEEEEEEE [ 78%]
EEEEEEEEEEEEEEEEEEEEEEEEEEEEEEEEEEEEEEEEEEEEEEEEEEEEEEEEEEEEEEEEEEEEEEEE [ 81%]
EEEEEEEEEEEEEEEEEEEEEEEEEEEEEEEEEEEEEEEEEEEEEEEEEEEEEEEEEEEEEEEEEEEEEEEE [ 84%]
EEEEEEEEEEEEEEEEEEEEEEEEEEEEEEEEEEEEEEEEEEEEEEEEEEEEEEEEEEEEEEEEEEEEEEEE [ 88%]
EEEEEEEEEEEEEEEEEEEEEEEEEEEEEEEEEEEEEEEEEEEEEEEEEEEEEEEEEEEEEEEEEEEEEEEE [ 91%]
EEEEEEEEEEEEEEEEEEEEEEEEEEEEEEEEEEEEEEEEEEEEEEEEExEEEEEEEEEEEEEEEEEEEEEE [ 94%]
EEEEEEEEEEEEEEEEEEEEEEEEEEEEEEEEEEEEEEEEEEEEEEEEEEEEEEEEEEEEEEEEEEEEEEEE [ 97%]
EEEEEEEEEEEEEEEEEEEEEEEEEEEEEEEEEEEEEEEEEEEEEE                           [100%]
=============================== warnings summary ===============================
.venv/lib/python3.12/site-packages/passlib/utils/__init__.py:854
  /home/user/kaupamex-api/.venv/lib/python3.12/site-packages/passlib/utils/__init__.py:854: DeprecationWarning: 'crypt' is deprecated and slated for removal in Python 3.13
    from crypt import crypt as _crypt

-- Docs: https://docs.pytest.org/en/stable/how-to/capture-warnings.html
=========================== short test summary info ============================
ERROR tests/unit/orm/test_access_manager.py::TestOwnManagersDeriveFromIt::test_the_soft_delete_manager_still_hides_the_deleted
ERROR tests/unit/orm/test_check_company.py::TestTheSwitchTravelsOnTheCommonBase::test_a_plain_model_inherits_the_mixin_switched_off
ERROR tests/unit/orm/test_check_company.py::TestTheSwitchTravelsOnTheCommonBase::test_a_model_that_declares_it_has_it_on
ERROR tests/unit/orm/test_check_company.py::TestTheMarkLivesOnTheField::test_the_marked_fields_are_the_ones_the_reference_marks
ERROR tests/unit/orm/test_check_company.py::TestTheMarkLivesOnTheField::test_an_unmarked_field_is_not_collected
ERROR tests/unit/orm/test_check_company.py::TestTheMarkLivesOnTheField::test_update_fields_narrows_the_walk
ERROR tests/unit/orm/test_check_company.py::TestTheComodelPredicate::test_without_companies_only_the_shared_ones_pass
ERROR tests/unit/orm/test_check_company.py::TestTheComodelPredicate::test_with_a_company_its_own_and_the_shared_ones_pass
ERROR tests/unit/orm/test_check_company.py::TestTheComodelPredicate::test_a_model_without_a_company_field_has_no_discriminator
ERROR tests/unit/orm/test_check_company.py::TestTheCheckItself::test_a_team_from_the_same_company_is_silent
ERROR tests/unit/orm/test_check_company.py::TestTheCheckItself::test_a_shared_team_is_silent
ERROR tests/unit/orm/test_check_company.py::TestTheCheckItself::test_a_team_from_another_company_is_rejected
ERROR tests/unit/orm/test_check_company.py::TestTheCheckItself::test_the_rejection_names_the_field
ERROR tests/unit/orm/test_check_company.py::TestTheCheckItself::test_update_fields_narrows_what_is_looked_at
ERROR tests/unit/orm/test_check_company.py::TestTheCheckItself::test_naming_the_company_field_reopens_the_whole_walk
ERROR tests/unit/orm/test_check_company.py::TestTheHookFromSave::test_saving_a_model_with_the_switch_on_runs_the_check
ERROR tests/unit/orm/test_check_company.py::TestTheHookFromSave::test_saving_a_model_with_the_switch_off_does_not
ERROR tests/unit/orm/test_check_company.py::TestTheHookFromSave::test_update_fields_reaches_the_check
ERROR tests/unit/orm/test_check_company.py::TestTheCompanyNormalisation::test_an_instance_a_list_and_a_queryset_give_the_same
ERROR tests/unit/orm/test_check_company.py::TestTheCompanyNormalisation::test_none_and_the_empty_list_give_nothing
ERROR tests/unit/orm/test_check_company.py::TestTheCompanyNormalisation::test_the_plural_names_are_the_ones_res_users_uses
ERROR tests/unit/orm/test_company_dependent.py::TestPerCompanyIndirection::test_reading_without_an_active_company_falls_back
ERROR tests/unit/orm/test_company_dependent.py::TestPerCompanyIndirection::test_writing_without_an_active_company_is_rejected
ERROR tests/unit/orm/test_company_dependent.py::TestPerCompanyIndirection::test_each_company_reads_its_own_value
ERROR tests/unit/orm/test_company_dependent.py::TestPerCompanyIndirection::test_a_company_without_its_own_value_does_not_see_the_other
ERROR tests/unit/orm/test_company_dependent.py::TestPerCompanyIndirection::test_the_raw_map_holds_both_companies
ERROR tests/unit/orm/test_company_dependent.py::TestPerCompanyIndirection::test_set_for_company_writes_a_company_that_is_not_active
ERROR tests/unit/orm/test_company_dependent.py::TestPerCompanyIndirection::test_the_value_survives_a_round_trip_to_the_database
ERROR tests/unit/orm/test_compute_declaration.py::TestTheEndpointContract::test_the_serializer_builds_it_read_only
ERROR tests/unit/orm/test_compute_wiring.py::TestTheCycleReachesTheColumn::test_touching_debit_recomputes_the_balance_into_the_column
ERROR tests/unit/orm/test_compute_wiring.py::TestTheCycleReachesTheColumn::test_without_touching_it_the_column_is_left_alone
ERROR tests/unit/orm/test_compute_writes_m2m.py::TestTheThreeFieldsDeclareTheirCompute::test_it_names_its_compute[AccountAccount-tags-_compute_account_tags]
ERROR tests/unit/orm/test_compute_writes_m2m.py::TestTheThreeFieldsDeclareTheirCompute::test_it_names_its_compute[BaseAutomation-trigger_field_ids-_compute_trigger_field_ids]
ERROR tests/unit/orm/test_compute_writes_m2m.py::TestTheThreeFieldsDeclareTheirCompute::test_it_names_its_compute[BaseAutomation-on_change_field_ids-_compute_on_change_field_ids]
ERROR tests/unit/orm/test_compute_writes_m2m.py::TestTheThreeFieldsDeclareTheirCompute::test_it_stays_stored_and_writable[AccountAccount-tags]
ERROR tests/unit/orm/test_compute_writes_m2m.py::TestTheThreeFieldsDeclareTheirCompute::test_it_stays_stored_and_writable[BaseAutomation-trigger_field_ids]
ERROR tests/unit/orm/test_compute_writes_m2m.py::TestTheThreeFieldsDeclareTheirCompute::test_it_stays_stored_and_writable[BaseAutomation-on_change_field_ids]
ERROR tests/unit/orm/test_compute_writes_m2m.py::TestTheThreeFieldsDeclareTheirCompute::test_asking_for_precompute_on_a_m2m_is_turned_off_with_a_warning
ERROR tests/unit/orm/test_compute_writes_m2m.py::TestTheThreeFieldsDeclareTheirCompute::test_a_scalar_field_keeps_its_precompute
ERROR tests/unit/orm/test_compute_writes_m2m.py::TestTheDeclarationReachesTheGraph::test_the_code_reaches_the_tags
ERROR tests/unit/orm/test_compute_writes_m2m.py::TestTheDeclarationReachesTheGraph::test_a_field_nobody_computes_from_has_no_dependents
ERROR tests/unit/orm/test_compute_writes_m2m.py::TestTheCycleReachesTheJoinTable::test_touching_the_code_writes_the_relation
ERROR tests/unit/orm/test_compute_writes_m2m.py::TestTheCycleReachesTheJoinTable::test_without_touching_it_the_relation_is_left_alone
ERROR tests/unit/orm/test_compute_writes_m2m.py::TestTheCycleReachesTheJoinTable::test_the_flush_is_the_only_writer_when_the_cache_is_seeded
ERROR tests/unit/orm/test_compute_writes_m2m.py::TestTheCycleReachesTheJoinTable::test_a_scalar_field_still_flushes_through_its_column
ERROR tests/unit/orm/test_condition_company_index.py::TestConditionToQCompany::test_a_fallback_that_fails_prepends_the_not_null
ERROR tests/unit/orm/test_condition_company_index.py::TestConditionToQCompany::test_a_fallback_that_satisfies_leaves_the_condition_alone
ERROR tests/unit/orm/test_condition_company_index.py::TestConditionToQCompany::test_an_undecidable_fallback_leaves_the_condition_alone
ERROR tests/unit/orm/test_condition_company_index.py::TestConditionToQCompany::test_a_field_without_the_partial_index_is_left_alone
ERROR tests/unit/orm/test_condition_company_index.py::TestConditionToQCompany::test_without_a_model_the_optimization_is_not_decided
ERROR tests/unit/orm/test_condition_company_index.py::TestConditionToQPlainField::test_a_field_that_is_not_company_dependent_never_gets_it
ERROR tests/unit/orm/test_condition_company_index.py::TestConditionToQPlainField::test_the_body_is_the_same_the_free_function_gives
ERROR tests/unit/orm/test_condition_company_index.py::TestDomainRoutesThroughTheFacade::test_a_domain_on_a_company_field_gets_the_optimization
ERROR tests/unit/orm/test_condition_company_index.py::TestDomainRoutesThroughTheFacade::test_a_domain_on_a_plain_field_is_left_alone
ERROR tests/unit/orm/test_condition_company_index.py::TestTheFacadeRouteIsBoundedToRealFields::test_a_reverse_relation_is_not_given_the_field_vocabulary
ERROR tests/unit/orm/test_condition_company_index.py::TestTheFacadeRouteIsBoundedToRealFields::test_a_condition_over_a_reverse_relation_still_compiles
ERROR tests/unit/orm/test_copy.py::TestCopyData::test_a_plain_field_travels
ERROR tests/unit/orm/test_copy.py::TestCopyData::test_the_id_does_not_travel
ERROR tests/unit/orm/test_copy.py::TestCopyData::test_the_audit_columns_do_not_travel
ERROR tests/unit/orm/test_copy.py::TestCopyData::test_the_given_default_wins
ERROR tests/unit/orm/test_copy.py::TestCopyData::test_a_relation_travels_as_its_id
ERROR tests/unit/orm/test_copy.py::TestCopyData::test_a_record_already_seen_returns_none
ERROR tests/unit/orm/test_copy.py::TestCopy::test_the_copy_is_a_new_row - Key...
ERROR tests/unit/orm/test_copy.py::TestCopy::test_res_partner_appends_the_copy_suffix
ERROR tests/unit/orm/test_copy.py::TestCopy::test_a_given_name_is_not_suffixed
ERROR tests/unit/orm/test_copy.py::TestCopy::test_the_copy_gets_the_defaults_of_a_normal_create
ERROR tests/unit/orm/test_copy.py::TestCopy::test_the_children_are_duplicated_under_the_new_parent
ERROR tests/unit/orm/test_copy.py::TestCopy::test_the_original_keeps_its_children
ERROR tests/unit/orm/test_copy.py::TestCopy::test_a_child_is_not_visited_twice
ERROR tests/unit/orm/test_copy.py::TestCopyTranslations::test_it_is_declared_with_the_source_signature
ERROR tests/unit/orm/test_copy.py::TestCopyTranslations::test_the_three_symbols_it_would_need_do_not_exist
ERROR tests/unit/orm/test_copy.py::TestOverridesReachSuper::test_res_partner_adopts_the_mixin
ERROR tests/unit/orm/test_copy.py::TestOverridesReachSuper::test_ir_model_data_adopts_the_mixin
ERROR tests/unit/orm/test_copy.py::TestOverridesReachSuper::test_res_config_adopts_the_mixin
ERROR tests/unit/orm/test_copy.py::TestOverridesReachSuper::test_ir_model_data_gets_a_fresh_name
ERROR tests/unit/orm/test_copy.py::TestOverridesReachSuper::test_ir_model_data_no_longer_lists_its_fields_by_hand
ERROR tests/unit/orm/test_create.py::TestTheSignatureIsTheSourcesSignature::test_a_list_returns_the_rows_in_the_given_order
ERROR tests/unit/orm/test_create.py::TestTheSignatureIsTheSourcesSignature::test_a_dict_is_a_singleton_list
ERROR tests/unit/orm/test_create.py::TestTheSignatureIsTheSourcesSignature::test_an_empty_list_returns_an_empty_recordset
ERROR tests/unit/orm/test_create.py::TestTheSignatureIsTheSourcesSignature::test_kwargs_are_no_longer_a_form
ERROR tests/unit/orm/test_create.py::TestTheSignatureIsTheSourcesSignature::test_the_rows_are_persisted
ERROR tests/unit/orm/test_create.py::TestTheStepsOfTheSource::test_without_a_user_the_acl_denies
ERROR tests/unit/orm/test_create.py::TestTheStepsOfTheSource::test_an_unknown_field_raises_the_sources_value_error
ERROR tests/unit/orm/test_create.py::TestTheStepsOfTheSource::test_a_context_default_lands_in_the_row
ERROR tests/unit/orm/test_create.py::TestTheStepsOfTheSource::test_a_given_value_beats_the_context_default
ERROR tests/unit/orm/test_create.py::TestTheStepsOfTheSource::test_a_many_to_many_is_set_after_the_insert
ERROR tests/unit/orm/test_create.py::TestTheStepsOfTheSource::test_the_magic_columns_are_discarded
ERROR tests/unit/orm/test_create.py::TestInheritsParents::test_the_inherits_parent_is_created_first
ERROR tests/unit/orm/test_create.py::TestInheritsParents::test_a_given_parent_receives_the_inherited_values_by_write
ERROR tests/unit/orm/test_create.py::TestInheritsParents::test_a_model_without_the_loader_mixin_now_creates
ERROR tests/unit/orm/test_default_get.py::TestContextWins::test_context_key_lands_in_the_defaults
ERROR tests/unit/orm/test_default_get.py::TestContextWins::test_a_field_not_asked_for_is_not_returned
ERROR tests/unit/orm/test_default_get.py::TestContextWins::test_an_unknown_field_is_skipped_not_raised
ERROR tests/unit/orm/test_default_get.py::TestUserDefaultWins::test_ir_default_beats_the_field_default
ERROR tests/unit/orm/test_default_get.py::TestUserDefaultWins::test_the_context_still_beats_ir_default
ERROR tests/unit/orm/test_default_get.py::TestFieldDefault::test_the_field_default_is_read
ERROR tests/unit/orm/test_default_get.py::TestFieldDefault::test_a_falsy_default_still_counts
ERROR tests/unit/orm/test_default_get.py::TestFieldDefault::test_a_field_without_default_is_absent
ERROR tests/unit/orm/test_default_get.py::TestCompanyDependentFallback::test_the_fallback_is_read_for_a_company_dependent_field
ERROR tests/unit/orm/test_default_get.py::TestCompanyDependentFallback::test_the_field_default_beats_the_company_fallback
ERROR tests/unit/orm/test_default_get.py::TestSuperIsReachable::test_ir_cron_adopts_the_mixin
ERROR tests/unit/orm/test_default_get.py::TestSuperIsReachable::test_ir_sequence_date_range_adopts_the_mixin
ERROR tests/unit/orm/test_default_get.py::TestSuperIsReachable::test_res_partner_adopts_the_mixin
ERROR tests/unit/orm/test_default_get.py::TestSuperIsReachable::test_ir_cron_keeps_its_own_defaults
ERROR tests/unit/orm/test_default_get.py::TestSuperIsReachable::test_ir_cron_lets_the_context_through
ERROR tests/unit/orm/test_default_get.py::TestCreateAppliesTheDefaults::test_the_context_default_reaches_the_row
ERROR tests/unit/orm/test_default_get.py::TestCreateAppliesTheDefaults::test_the_given_value_always_beats_the_default
ERROR tests/unit/orm/test_default_get.py::TestCreateAppliesTheDefaults::test_ir_default_reaches_the_row_too
ERROR tests/unit/orm/test_default_get.py::TestNameCreateGuardIsObservable::test_without_an_email_in_the_name_the_context_one_lands
ERROR tests/unit/orm/test_default_get.py::TestNameCreateGuardIsObservable::test_with_an_email_in_the_name_the_guard_shields_the_context
ERROR tests/unit/orm/test_default_get.py::TestNameCreateGuardIsObservable::test_name_create_writes_through_rec_name
ERROR tests/unit/orm/test_default_get.py::TestAddMissingDefaultValues::test_the_given_values_survive_untouched
ERROR tests/unit/orm/test_default_get.py::TestAddMissingDefaultValues::test_the_missing_ones_get_their_default
ERROR tests/unit/orm/test_default_get.py::TestAddMissingDefaultValues::test_a_delegated_field_is_skipped_when_the_parent_comes_set
ERROR tests/unit/orm/test_default_get.py::TestResPartnerOverride::test_an_invalid_type_from_the_context_is_cleared
ERROR tests/unit/orm/test_default_get.py::TestResPartnerOverride::test_a_valid_type_from_the_context_survives
ERROR tests/unit/orm/test_default_get.py::TestResPartnerOverride::test_the_field_default_still_comes_through
ERROR tests/unit/orm/test_default_get.py::TestResPartnerOverride::test_the_lang_fallback_asks_default_get_first
ERROR tests/unit/orm/test_default_get.py::TestResPartnerOverride::test_the_lang_fallback_still_lands_without_a_context
ERROR tests/unit/orm/test_determine_inverse.py::TestTheDispatcherExists::test_it_dispatches_through_determine
ERROR tests/unit/orm/test_determine_inverse.py::TestWriteInvokesIt::test_writing_the_field_reaches_the_partner
ERROR tests/unit/orm/test_determine_inverse.py::TestWriteInvokesIt::test_the_column_of_the_lead_keeps_the_value_too
ERROR tests/unit/orm/test_determine_inverse.py::TestWriteInvokesIt::test_emptying_the_field_does_not_empty_the_partner
ERROR tests/unit/orm/test_determine_inverse.py::TestWriteInvokesIt::test_the_second_declared_inverse_also_runs
ERROR tests/unit/orm/test_determine_inverse.py::TestWriteInvokesIt::test_a_field_without_inverse_reaches_nothing
ERROR tests/unit/orm/test_determine_inverse.py::TestTheGroupingIsByMethod::test_two_fields_sharing_one_inverse_call_it_once
ERROR tests/unit/orm/test_display_name.py::TestTheFieldAdmitsAssignment::test_it_reads_the_computed_value
ERROR tests/unit/orm/test_display_name.py::TestTheFieldAdmitsAssignment::test_it_admits_assignment_and_the_assigned_value_wins
ERROR tests/unit/orm/test_display_name.py::TestTheFieldAdmitsAssignment::test_deleting_it_falls_back_to_the_computed_value
ERROR tests/unit/orm/test_display_name.py::TestTheComputeFallsBackToTheDottedName::test_a_model_without_rec_name_gets_the_dotted_form
ERROR tests/unit/orm/test_domain_any_with_rights.py::TestTheElevationGrantsIt::test_an_any_becomes_any_bang_under_sudo
ERROR tests/unit/orm/test_domain_any_with_rights.py::TestTheElevationGrantsIt::test_a_not_any_becomes_not_any_bang_under_sudo
ERROR tests/unit/orm/test_domain_any_with_rights.py::TestTheElevationGrantsIt::test_without_the_elevation_the_condition_is_left_alone
ERROR tests/unit/orm/test_domain_any_with_rights.py::TestTheFieldGrantsIt::test_a_field_that_bypasses_it_needs_no_elevation
ERROR tests/unit/orm/test_domain_any_with_rights.py::TestTheFieldGrantsIt::test_the_default_is_false_and_not_absent
ERROR tests/unit/orm/test_domain_any_with_rights.py::TestTheDelegationImpliesIt::test_a_delegated_fk_bypasses_the_comodel_rights
ERROR tests/unit/orm/test_domain_hierarchy.py::TestChildOfOverTheMaterializedPath::test_a_root_selects_its_whole_subtree
ERROR tests/unit/orm/test_domain_hierarchy.py::TestChildOfOverTheMaterializedPath::test_an_intermediate_node_excludes_its_ancestor
ERROR tests/unit/orm/test_domain_hierarchy.py::TestChildOfOverTheMaterializedPath::test_a_leaf_selects_only_itself
ERROR tests/unit/orm/test_domain_hierarchy.py::TestParentOfOverTheMaterializedPath::test_a_leaf_selects_its_whole_ancestry
ERROR tests/unit/orm/test_domain_hierarchy.py::TestParentOfOverTheMaterializedPath::test_a_root_selects_only_itself
ERROR tests/unit/orm/test_domain_hierarchy.py::TestTheValueIsResolvedBeforeWalking::test_a_string_is_searched_by_display_name
ERROR tests/unit/orm/test_domain_hierarchy.py::TestTheValueIsResolvedBeforeWalking::test_a_false_value_matches_nothing
ERROR tests/unit/orm/test_domain_hierarchy.py::TestTheValueIsResolvedBeforeWalking::test_a_value_that_resolves_to_nothing_matches_nothing
ERROR tests/unit/orm/test_domain_hierarchy.py::TestTheRecursiveWalkWhenThereIsNoMaterializedPath::test_child_of_walks_down_level_by_level
ERROR tests/unit/orm/test_domain_hierarchy.py::TestTheRecursiveWalkWhenThereIsNoMaterializedPath::test_parent_of_walks_up_level_by_level
ERROR tests/unit/orm/test_domain_hierarchy.py::TestTheOperatorIsRefusedOnANonHierarchicalField::test_a_scalar_column_is_refused
ERROR tests/unit/orm/test_domain_hierarchy.py::TestTheMaterializedPathIsAShortcutAndNotAnotherResult::test_child_of_returns_a_domain_when_the_path_is_materialized
ERROR tests/unit/orm/test_domain_hierarchy.py::TestTheMaterializedPathIsAShortcutAndNotAnotherResult::test_child_of_returns_a_set_of_ids_when_it_has_to_walk
ERROR tests/unit/orm/test_domain_hierarchy.py::TestTheMaterializedPathIsAShortcutAndNotAnotherResult::test_parent_of_reads_the_ancestors_from_the_path_without_walking
ERROR tests/unit/orm/test_domain_relational_optimizers.py::TestRelationalNameSearch::test_a_like_on_a_relational_enters_the_comodel
ERROR tests/unit/orm/test_domain_relational_optimizers.py::TestRelationalNameSearch::test_a_negated_like_becomes_a_not_any_with_the_positive_inside
ERROR tests/unit/orm/test_domain_relational_optimizers.py::TestRelationalNameSearch::test_an_inequality_against_a_string_is_refused
ERROR tests/unit/orm/test_domain_relational_optimizers.py::TestRelationalNameSearch::test_a_list_of_strings_searches_them_all_by_display_name
ERROR tests/unit/orm/test_domain_relational_optimizers.py::TestRelationalNameSearch::test_a_mixed_list_keeps_the_ids_beside_the_names
ERROR tests/unit/orm/test_domain_relational_optimizers.py::TestRelationalNameSearch::test_a_list_of_only_ids_is_left_alone
ERROR tests/unit/orm/test_domain_relational_optimizers.py::TestManyToOneBypassesTheSubquery::test_an_id_in_collapses_to_a_direct_comparison
ERROR tests/unit/orm/test_domain_relational_optimizers.py::TestManyToOneBypassesTheSubquery::test_the_false_is_dropped_from_a_positive_in
ERROR tests/unit/orm/test_domain_relational_optimizers.py::TestManyToOneBypassesTheSubquery::test_the_false_is_added_to_a_negated_in
ERROR tests/unit/orm/test_domain_relational_optimizers.py::TestManyToOneBypassesTheSubquery::test_a_nested_any_loses_one_level
ERROR tests/unit/orm/test_domain_relational_optimizers.py::TestManyToOneBypassesTheSubquery::test_a_nested_not_any_also_demands_the_relation_is_set
ERROR tests/unit/orm/test_domain_relational_optimizers.py::TestManyToOneBypassesTheSubquery::test_the_outer_not_any_negates_the_whole_result
ERROR tests/unit/orm/test_domain_relational_optimizers.py::TestManyToOneBypassesTheSubquery::test_a_subdomain_that_is_not_about_id_is_left_alone
ERROR tests/unit/orm/test_domain_relational_optimizers.py::TestManyToOneBypassesTheSubquery::test_an_any_without_the_bang_is_left_alone
ERROR tests/unit/orm/test_domain_relational_optimizers.py::TestAnyCompilesToASubquery::test_an_any_selects_through_the_relation
ERROR tests/unit/orm/test_domain_relational_optimizers.py::TestAnyCompilesToASubquery::test_a_not_any_excludes_them
ERROR tests/unit/orm/test_domain_relational_optimizers.py::TestAnyCompilesToASubquery::test_a_non_relational_field_is_refused
ERROR tests/unit/orm/test_domains.py::TestEmittedSql::test_django_emits_its_own_null_guard
ERROR tests/unit/orm/test_domains.py::TestEmittedSql::test_a_non_nullable_column_gets_no_guard
ERROR tests/unit/orm/test_domains.py::TestEmittedSql::test_the_raw_like_reaches_postgresql_as_like
ERROR tests/unit/orm/test_domains.py::TestEmittedSql::test_the_raw_ilike_reaches_postgresql_as_ilike
ERROR tests/unit/orm/test_domains.py::TestEmittedSql::test_both_forms_agree_on_the_null_row
ERROR tests/unit/orm/test_domains.py::TestEmittedSql::test_a_negated_domain_keeps_the_row_without_value
ERROR tests/unit/orm/test_domains.py::TestEmittedSql::test_not_in_with_false_drops_the_row_without_value
ERROR tests/unit/orm/test_environments_cache.py::TestTheMethodsThatReturnRows::test_get_records_returns_the_rows_with_a_value
ERROR tests/unit/orm/test_environments_cache.py::TestTheMethodsThatReturnRows::test_filtered_dirty_records_keeps_only_the_marked
ERROR tests/unit/orm/test_environments_cache.py::TestTheMethodsThatReturnRows::test_get_records_different_from_names_the_others
ERROR tests/unit/orm/test_environments_cache.py::TestTheFieldWithoutAColumnAlsoLivesInTheCache::test_the_cache_holds_a_value_for_a_field_without_a_column
ERROR tests/unit/orm/test_environments_cache.py::TestTheFieldWithoutAColumnAlsoLivesInTheCache::test_contains_sees_the_field_without_a_column
ERROR tests/unit/orm/test_environments_cache.py::TestTheFieldWithoutAColumnAlsoLivesInTheCache::test_get_fields_enumerates_it_alongside_the_stored_one
ERROR tests/unit/orm/test_environments_cache.py::TestTheFieldWithoutAColumnAlsoLivesInTheCache::test_it_never_becomes_dirty_even_when_asked
ERROR tests/unit/orm/test_environments_pooling_and_flush.py::TestTheEnvironmentIsPooledByTransaction::test_two_constructions_with_the_same_axes_give_the_same_object
ERROR tests/unit/orm/test_environments_pooling_and_flush.py::TestTheEnvironmentIsPooledByTransaction::test_differing_axes_give_different_objects
ERROR tests/unit/orm/test_environments_pooling_and_flush.py::TestTheEnvironmentIsPooledByTransaction::test_the_pool_is_per_transaction
ERROR tests/unit/orm/test_environments_pooling_and_flush.py::TestTheEnvironmentIsPooledByTransaction::test_the_superuser_uid_elevates_implicitly
ERROR tests/unit/orm/test_environments_pooling_and_flush.py::TestTheEnvironmentIsPooledByTransaction::test_it_registers_itself_in_the_transaction
ERROR tests/unit/orm/test_environments_pooling_and_flush.py::TestTheEnvironmentIsPooledByTransaction::test_the_default_env_is_the_first_with_an_integer_uid
ERROR tests/unit/orm/test_environments_pooling_and_flush.py::TestTheEnvironmentIsPooledByTransaction::test_an_alias_that_is_not_declared_is_refused
ERROR tests/unit/orm/test_environments_pooling_and_flush.py::TestTheEnvironmentIsPooledByTransaction::test_every_declared_alias_passes
ERROR tests/unit/orm/test_environments_pooling_and_flush.py::TestTheEnvironmentIsReadOnlyOnceBuilt::test_reassigning_an_axis_is_refused
ERROR tests/unit/orm/test_environments_pooling_and_flush.py::TestTheEnvironmentIsReadOnlyOnceBuilt::test_the_message_names_the_way_out
ERROR tests/unit/orm/test_environments_pooling_and_flush.py::TestTheEnvironmentIsReadOnlyOnceBuilt::test_a_memoized_property_is_not_blocked_by_the_guard
ERROR tests/unit/orm/test_environments_pooling_and_flush.py::TestTheNestedActivationRestoresOneFrameAtATime::test_the_outer_override_survives_the_inner_exit
ERROR tests/unit/orm/test_environments_pooling_and_flush.py::TestTheNestedActivationRestoresOneFrameAtATime::test_leaving_both_restores_the_channel
ERROR tests/unit/orm/test_environments_pooling_and_flush.py::TestTheViewsOfTheTransaction::test_protected_is_the_stack_of_the_transaction
ERROR tests/unit/orm/test_environments_pooling_and_flush.py::TestTheViewsOfTheTransaction::test_cache_is_the_facade_of_the_transaction
ERROR tests/unit/orm/test_environments_pooling_and_flush.py::TestTheViewsOfTheTransaction::test_field_dirty_is_the_map_of_the_transaction
ERROR tests/unit/orm/test_environments_pooling_and_flush.py::TestTheViewsOfTheTransaction::test_field_cache_memo_is_the_memo_of_the_transaction
ERROR tests/unit/orm/test_environments_pooling_and_flush.py::TestTheViewsOfTheTransaction::test_field_depends_context_is_the_map_of_the_registry
ERROR tests/unit/orm/test_environments_pooling_and_flush.py::TestTheViewsOfTheTransaction::test_the_four_transaction_views_follow_a_new_transaction
ERROR tests/unit/orm/test_environments_pooling_and_flush.py::TestTheResetTossesWhatWasMemoized::test_the_derived_map_is_memoized
ERROR tests/unit/orm/test_environments_pooling_and_flush.py::TestTheResetTossesWhatWasMemoized::test_the_transaction_reset_drops_the_memo_of_every_live_env
ERROR tests/unit/orm/test_environments_pooling_and_flush.py::TestTheResetTossesWhatWasMemoized::test_the_reset_clears_the_transaction
ERROR tests/unit/orm/test_environments_pooling_and_flush.py::TestTheResetTossesWhatWasMemoized::test_the_environment_reset_delegates_and_warns
ERROR tests/unit/orm/test_environments_pooling_and_flush.py::TestTheTechnicalLanguageCode::test_without_a_language_in_the_context_it_falls_back
ERROR tests/unit/orm/test_environments_pooling_and_flush.py::TestTheTechnicalLanguageCode::test_it_takes_the_language_of_the_context
ERROR tests/unit/orm/test_environments_pooling_and_flush.py::TestTheTechnicalLanguageCode::test_editing_translations_prefixes_the_underscore
ERROR tests/unit/orm/test_environments_pooling_and_flush.py::TestTheTechnicalLanguageCode::test_checking_translations_prefixes_it_too
ERROR tests/unit/orm/test_environments_pooling_and_flush.py::TestTheTechnicalLanguageCode::test_it_is_not_memoized
ERROR tests/unit/orm/test_environments_pooling_and_flush.py::TestTheTranslationOfTheEnvironment::test_a_plain_string_comes_back
ERROR tests/unit/orm/test_environments_pooling_and_flush.py::TestTheTranslationOfTheEnvironment::test_positional_arguments_are_substituted
ERROR tests/unit/orm/test_environments_pooling_and_flush.py::TestTheTranslationOfTheEnvironment::test_named_arguments_are_substituted
ERROR tests/unit/orm/test_environments_pooling_and_flush.py::TestTheTranslationOfTheEnvironment::test_mixing_both_forms_is_refused
ERROR tests/unit/orm/test_environments_pooling_and_flush.py::TestTheTranslationOfTheEnvironment::test_a_lazy_translation_resolves_to_text
ERROR tests/unit/orm/test_environments_pooling_and_flush.py::TestTheTranslationOfTheEnvironment::test_a_lazy_translation_refuses_extra_arguments
ERROR tests/unit/orm/test_environments_pooling_and_flush.py::TestTheTranslationOfTheEnvironment::test_something_that_is_neither_text_nor_lazy_is_refused
ERROR tests/unit/orm/test_environments_pooling_and_flush.py::TestTheModelScopedFlush::test_flush_model_writes_without_being_given_the_row
ERROR tests/unit/orm/test_environments_pooling_and_flush.py::TestTheModelScopedFlush::test_flush_all_reaches_every_dirty_model
ERROR tests/unit/orm/test_environments_pooling_and_flush.py::TestTheModelScopedFlush::test_the_flush_empties_the_dirty_map
ERROR tests/unit/orm/test_environments_pooling_and_flush.py::TestTheModelScopedFlush::test_a_clean_transaction_flushes_without_writing
ERROR tests/unit/orm/test_environments_pooling_and_flush.py::TestTheModelScopedFlush::test_flush_query_flushes_what_the_query_declares
ERROR tests/unit/orm/test_environments_pooling_and_flush.py::TestTheModelScopedFlush::test_a_query_without_metadata_is_a_no_op
ERROR tests/unit/orm/test_environments_pooling_and_flush.py::TestTheTransactionFlush::test_it_delegates_to_the_default_env
ERROR tests/unit/orm/test_environments_pooling_and_flush.py::TestTheTransactionFlush::test_without_a_default_env_and_without_envs_it_is_a_no_op
ERROR tests/unit/orm/test_environments_pooling_and_flush.py::TestTheFixpointCeiling::test_the_ceiling_is_the_one_of_the_source
ERROR tests/unit/orm/test_environments_pooling_and_flush.py::TestTheFixpointCeiling::test_recompute_all_on_a_clean_transaction_stops_at_once
ERROR tests/unit/orm/test_field_conversion.py::test_convert_to_column_insert_wraps_the_value_by_company
ERROR tests/unit/orm/test_field_conversion.py::test_convert_to_column_insert_omits_the_value_equal_to_the_fallback
ERROR tests/unit/orm/test_field_conversion.py::TestTheWiringLetsAnExpressionThrough::test_an_update_with_an_expression_reaches_the_column
ERROR tests/unit/orm/test_field_definition_collection.py::TestTheReadDispatchesTheCompute::test_reading_it_dispatches_the_compute
ERROR tests/unit/orm/test_field_definition_collection.py::TestTheReadDispatchesTheCompute::test_the_select_does_not_ask_for_the_missing_column
ERROR tests/unit/orm/test_field_descriptor.py::TestTheDescriptorIsInstalledWhereItHasWork::test_a_computed_field_gets_the_data_descriptor
ERROR tests/unit/orm/test_field_descriptor.py::TestTheDescriptorIsInstalledWhereItHasWork::test_a_plain_column_gets_the_non_data_descriptor
ERROR tests/unit/orm/test_field_descriptor.py::TestGetOnTheClass::test_class_level_access_returns_the_descriptor
ERROR tests/unit/orm/test_field_descriptor.py::TestGetGoesThroughTheEnvironmentCache::test_it_returns_what_the_cache_holds
ERROR tests/unit/orm/test_field_descriptor.py::TestGetGoesThroughTheEnvironmentCache::test_a_cache_miss_repopulates_the_cache
ERROR tests/unit/orm/test_field_descriptor.py::TestSetPartitionsTheRecordAsTheSourceDoes::test_a_protected_record_gets_no_business_logic
ERROR tests/unit/orm/test_field_descriptor.py::TestSetPartitionsTheRecordAsTheSourceDoes::test_a_real_record_is_not_flushed_on_assignment
ERROR tests/unit/orm/test_field_get_depends.py::TestTheExplicitDependsWins::test_an_explicit_depends_shadows_the_compute
ERROR tests/unit/orm/test_field_get_depends.py::TestTheExplicitDependsWins::test_an_explicit_depends_carries_its_context
ERROR tests/unit/orm/test_field_get_depends.py::TestTheRelatedBranch::test_the_related_path_is_the_dependency
ERROR tests/unit/orm/test_field_get_depends.py::TestTheRelatedBranch::test_an_explicit_context_short_circuits_the_walk
ERROR tests/unit/orm/test_field_get_depends.py::TestTheRelatedBranch::test_the_walked_context_gathers_the_chain
ERROR tests/unit/orm/test_field_get_depends.py::TestTheComputeBranch::test_a_compute_contributes_its_depends
ERROR tests/unit/orm/test_field_get_depends.py::TestTheComputeBranch::test_a_callable_depends_is_called_with_the_model
ERROR tests/unit/orm/test_field_get_depends.py::TestTheComputeBranch::test_a_callable_compute_is_used_as_is
ERROR tests/unit/orm/test_field_get_depends.py::TestTheEmptyCase::test_a_plain_field_depends_on_nothing
ERROR tests/unit/orm/test_field_get_depends.py::TestTheEmptyCase::test_a_plain_field_keeps_its_declared_context
ERROR tests/unit/orm/test_field_get_depends.py::TestTheCollectorConsumesTheProducer::test_the_collector_asks_the_field
ERROR tests/unit/orm/test_field_lifecycle_methods.py::TestRead::test_a_field_without_a_column_refuses
ERROR tests/unit/orm/test_field_lifecycle_methods.py::TestRead::test_a_field_with_a_column_does_not_refuse
ERROR tests/unit/orm/test_field_lifecycle_methods.py::TestWrite::test_it_stores_the_value_in_the_cache
ERROR tests/unit/orm/test_field_lifecycle_methods.py::TestWrite::test_write_does_not_touch_a_row_whose_value_already_matches
ERROR tests/unit/orm/test_field_lifecycle_methods.py::TestWrite::test_write_marks_dirty_a_row_whose_value_changes
ERROR tests/unit/orm/test_field_lifecycle_methods.py::TestCreate::test_it_writes_every_pair
ERROR tests/unit/orm/test_field_lifecycle_methods.py::TestCreate::test_an_empty_collection_is_a_no_op
ERROR tests/unit/orm/test_field_lifecycle_methods.py::TestToPrefetch::test_it_includes_the_record_itself
ERROR tests/unit/orm/test_field_lifecycle_methods.py::TestToPrefetch::test_it_leaves_out_what_the_cache_already_has
ERROR tests/unit/orm/test_field_lifecycle_methods.py::TestToPrefetch::test_the_window_never_exceeds_the_declared_maximum
ERROR tests/unit/orm/test_field_lifecycle_methods.py::TestDetermineGroupExpand::test_it_dispatches_to_the_declared_callable
ERROR tests/unit/orm/test_field_lifecycle_methods.py::TestDetermineGroupExpand::test_a_field_without_group_expand_raises
ERROR tests/unit/orm/test_field_lifecycle_methods.py::TestCompanyDependentFallback::test_it_refuses_on_a_field_that_is_not_company_dependent
ERROR tests/unit/orm/test_field_lifecycle_methods.py::TestCompanyDependentFallback::test_it_returns_the_default_that_ir_default_holds
ERROR tests/unit/orm/test_field_search_method.py::TestDetermine::test_resolves_a_method_given_by_name
ERROR tests/unit/orm/test_field_search_method.py::TestDetermine::test_resolves_a_plain_callable_passing_the_records
ERROR tests/unit/orm/test_field_search_method.py::TestDetermine::test_rejects_something_that_is_neither
ERROR tests/unit/orm/test_field_search_method.py::TestNonStoredSearch::test_the_descriptor_keeps_the_search_method
ERROR tests/unit/orm/test_field_search_method.py::TestNonStoredSearch::test_without_search_the_attribute_is_none
ERROR tests/unit/orm/test_field_search_method.py::TestNonStoredSearch::test_determine_domain_delegates_to_the_search_method
ERROR tests/unit/orm/test_field_search_method.py::TestNonStoredSearch::test_determine_domain_without_search_is_not_implemented
ERROR tests/unit/orm/test_field_search_method.py::TestFieldResolutionReachesTheNonStored::test_a_stored_field_still_resolves_through_meta
ERROR tests/unit/orm/test_field_search_method.py::TestFieldResolutionReachesTheNonStored::test_the_non_stored_display_name_resolves
ERROR tests/unit/orm/test_field_search_method.py::TestFieldResolutionReachesTheNonStored::test_a_name_that_is_neither_still_raises
ERROR tests/unit/orm/test_field_search_method.py::TestSearchDisplayNameReturnsADomain::test_the_result_is_a_domain
ERROR tests/unit/orm/test_field_search_method.py::TestSearchDisplayNameReturnsADomain::test_it_searches_over_the_rec_name
ERROR tests/unit/orm/test_field_search_method.py::TestSearchDisplayNameReturnsADomain::test_the_empty_like_short_circuit_is_kept
ERROR tests/unit/orm/test_field_search_method.py::TestSearchDisplayNameReturnsADomain::test_the_domain_still_compiles_to_a_queryset
ERROR tests/unit/orm/test_field_search_method.py::TestTheConditionIsReplacedBySearch::test_a_condition_on_display_name_becomes_the_search_domain
ERROR tests/unit/orm/test_field_search_method.py::TestTheConditionIsReplacedBySearch::test_the_replacement_composes_inside_a_conjunction
ERROR tests/unit/orm/test_field_search_method.py::TestTheConditionIsReplacedBySearch::test_the_replaced_condition_reaches_the_database
ERROR tests/unit/orm/test_field_search_method.py::TestTheConditionIsReplacedBySearch::test_a_stored_field_is_left_alone
ERROR tests/unit/orm/test_field_search_method.py::TestTheFallbackLadder::test_a_negative_operator_retries_with_the_positive_and_negates
ERROR tests/unit/orm/test_field_search_method.py::TestTheFallbackLadder::test_a_search_that_only_knows_equality_is_decomposed_for_in
ERROR tests/unit/orm/test_field_search_method.py::TestTheFallbackLadder::test_a_search_that_supports_nothing_raises_naming_the_field
ERROR tests/unit/orm/test_field_search_method.py::TestTheNonStoredAnswersTheFieldContract::test_it_answers_whether_it_is_searchable
ERROR tests/unit/orm/test_field_search_method.py::TestTheNonStoredAnswersTheFieldContract::test_it_is_not_stored
ERROR tests/unit/orm/test_field_search_method.py::TestTheNonStoredAnswersTheFieldContract::test_it_answers_the_rest_of_the_class_contract
ERROR tests/unit/orm/test_field_search_method.py::TestTheNonStoredAnswersTheFieldContract::test_the_related_chain_can_cross_it
ERROR tests/unit/orm/test_field_setup_attrs.py::TestCompanyDependentDerivations::test_a_field_of_the_tree_comes_out_derived
ERROR tests/unit/orm/test_field_setup_attrs.py::TestCompanyDependentDerivations::test_a_plain_field_gets_none_of_them
ERROR tests/unit/orm/test_field_setup_attrs.py::TestOwnerIdentity::test_a_field_of_the_tree_knows_its_model
ERROR tests/unit/orm/test_field_setup_phase.py::TestARelatedReadResolvesByContent::test_one_hop_on_a_plain_row
ERROR tests/unit/orm/test_field_setup_phase.py::TestARelatedReadResolvesByContent::test_two_hops_on_a_base_model_row
ERROR tests/unit/orm/test_field_setup_phase.py::TestARelatedReadResolvesByContent::test_a_null_fk_reads_as_empty
ERROR tests/unit/orm/test_field_to_sql.py::TestFieldAccess::test_a_field_without_groups_is_accessible
ERROR tests/unit/orm/test_field_to_sql.py::TestFieldAccess::test_no_access_forbids_the_field
ERROR tests/unit/orm/test_field_to_sql.py::TestFieldAccess::test_the_error_names_the_operation
ERROR tests/unit/orm/test_field_to_sql.py::TestFieldAccess::test_the_check_runs_before_the_conversion
ERROR tests/unit/orm/test_field_to_sql.py::TestAgainstTheRealSchema::test_a_composed_select_runs
ERROR tests/unit/orm/test_field_to_sql.py::TestAgainstTheRealSchema::test_the_join_it_builds_is_accepted_by_postgres
ERROR tests/unit/orm/test_field_to_sql.py::TestAgainstTheRealSchema::test_the_json_arrow_returns_the_property
ERROR tests/unit/orm/test_field_update_db.py::TestUpdateDb::test_a_field_without_column_is_left_alone
ERROR tests/unit/orm/test_field_update_db.py::TestUpdateDb::test_an_existing_column_needs_no_recompute
ERROR tests/unit/orm/test_field_update_db.py::TestUpdateDb::test_a_missing_column_is_created_and_asks_for_recompute
ERROR tests/unit/orm/test_field_update_db.py::TestUpdateDbColumn::test_creates_the_column_with_the_field_type
ERROR tests/unit/orm/test_field_update_db.py::TestUpdateDbColumn::test_a_matching_type_is_left_alone
ERROR tests/unit/orm/test_field_update_db.py::TestUpdateDbColumn::test_a_diverging_type_is_converted_back
ERROR tests/unit/orm/test_field_update_db.py::TestUpdateDbNotnull::test_drops_not_null_when_the_field_is_not_required
ERROR tests/unit/orm/test_field_update_db.py::TestUpdateDbNotnull::test_a_required_field_defers_the_constraint_to_post_init
ERROR tests/unit/orm/test_field_update_db.py::TestUpdateDbNotnull::test_a_new_column_gets_its_default_on_the_rows_that_exist
ERROR tests/unit/orm/test_field_update_db.py::TestTableHasRows::test_an_empty_table_has_no_rows
ERROR tests/unit/orm/test_field_update_db.py::TestTableHasRows::test_one_row_is_enough
ERROR tests/unit/orm/test_field_update_db.py::TestInitColumn::test_the_default_of_the_field_lands_on_the_null_rows
ERROR tests/unit/orm/test_field_update_db.py::TestInitColumn::test_a_field_without_default_leaves_the_column_alone
ERROR tests/unit/orm/test_field_update_db.py::TestUpdateDbRelated::test_the_column_is_filled_from_the_comodel_in_one_statement
ERROR tests/unit/orm/test_field_update_db.py::TestConvertToColumnInsertFromInitColumn::test_a_company_dependent_field_takes_the_model_class
ERROR tests/unit/orm/test_fields_map_contract.py::TestTheRejectionMovedNotVanished::test_a_non_concrete_name_is_still_rejected
ERROR tests/unit/orm/test_fields_map_contract.py::TestTheRejectionMovedNotVanished::test_an_unknown_name_is_rejected_the_same_way
ERROR tests/unit/orm/test_fields_map_contract.py::TestTheRejectionMovedNotVanished::test_a_concrete_name_still_converts
ERROR tests/unit/orm/test_fields_properties.py::TestDefinitionValidation::test_a_well_formed_definition_passes
ERROR tests/unit/orm/test_fields_properties.py::TestDefinitionValidation::test_an_unknown_key_is_rejected
ERROR tests/unit/orm/test_fields_properties.py::TestDefinitionValidation::test_a_missing_required_key_is_rejected
ERROR tests/unit/orm/test_fields_properties.py::TestDefinitionValidation::test_an_unknown_type_is_rejected
ERROR tests/unit/orm/test_fields_properties.py::TestDefinitionValidation::test_a_duplicated_name_is_rejected
ERROR tests/unit/orm/test_fields_properties.py::TestDefinitionValidation::test_html_needs_the_suffix_and_the_suffix_needs_html
ERROR tests/unit/orm/test_fields_properties.py::TestDefinitionValidation::test_a_parameter_outside_its_types_is_rejected
ERROR tests/unit/orm/test_fields_properties.py::TestDefinitionValidation::test_an_unknown_comodel_is_rejected
ERROR tests/unit/orm/test_fields_properties.py::TestDefinitionValidation::test_duplicated_options_are_rejected
ERROR tests/unit/orm/test_fields_properties.py::TestComputeOnSave::test_a_value_survives_when_the_container_declares_it
ERROR tests/unit/orm/test_fields_properties.py::TestComputeOnSave::test_the_container_default_fills_an_absent_value
ERROR tests/unit/orm/test_fields_properties.py::TestComputeOnSave::test_a_value_without_a_definition_is_blanked
ERROR tests/unit/orm/test_fields_properties.py::TestComputeOnSave::test_a_value_outside_the_definition_is_dropped
ERROR tests/unit/orm/test_fields_properties.py::TestFilterFunction::test_any_discriminates_between_two_rows
ERROR tests/unit/orm/test_fields_properties.py::TestFilterFunction::test_a_domain_value_takes_the_same_branch
ERROR tests/unit/orm/test_fields_properties.py::TestFilterFunction::test_the_matched_corecord_comes_back
ERROR tests/unit/orm/test_fields_properties.py::TestFilterFunction::test_a_declared_property_without_value_matches_nothing
ERROR tests/unit/orm/test_fields_properties.py::TestFilterFunction::test_an_undeclared_property_matches_nothing_instead_of_raising
ERROR tests/unit/orm/test_fields_properties.py::TestFilterFunction::test_a_plain_operator_delegates_to_the_base_field
ERROR tests/unit/orm/test_fields_properties.py::TestFilterFunction::test_the_base_field_still_refuses_what_it_does_not_know
ERROR tests/unit/orm/test_fields_properties.py::TestFilterFunctionMeasuredForm::test_a_relational_property_reads_as_a_queryset
ERROR tests/unit/orm/test_fields_properties.py::TestFilterFunctionMeasuredForm::test_the_probe_of_an_empty_instance_is_not_a_queryset
ERROR tests/unit/orm/test_fields_related.py::TestResolveDepends::test_it_finds_the_model_the_django_way
ERROR tests/unit/orm/test_fields_related.py::TestResolveDepends::test_a_model_without_a_source_name_leaves_it_empty
ERROR tests/unit/orm/test_fields_related.py::TestResolveDepends::test_it_resolves_a_declared_chain_to_its_fields
ERROR tests/unit/orm/test_fields_related.py::TestResolveDepends::test_a_field_does_not_trigger_itself_as_the_first_step
ERROR tests/unit/orm/test_fields_relational_update_inverse.py::TestTheMany2oneConvertsToTheCacheFormat::test_a_model_instance_gives_its_pk
ERROR tests/unit/orm/test_fields_relational_update_inverse.py::TestTheMany2oneConvertsToTheCacheFormat::test_a_queryset_of_the_wrong_model_is_refused
ERROR tests/unit/orm/test_fields_relational_update_inverse.py::TestTheMany2oneConvertsToTheCacheFormat::test_the_wrong_model_passes_when_validation_is_off
ERROR tests/unit/orm/test_fields_relational_update_inverse.py::TestTheMany2oneConvertsToTheCacheFormat::test_delegation_wraps_the_id_when_every_row_is_new
ERROR tests/unit/orm/test_fields_relational_update_inverse.py::TestTheMany2oneConvertsToTheCacheFormat::test_delegation_leaves_the_id_alone_when_a_row_is_real
ERROR tests/unit/orm/test_fields_relational_update_inverse.py::TestTheMany2oneWritesTheCachePerRow::test_it_converts_once_per_row
ERROR tests/unit/orm/test_fields_relational_update_inverse.py::TestTheMany2oneWritesTheCachePerRow::test_it_does_not_validate_the_model
ERROR tests/unit/orm/test_fields_relational_update_inverse.py::TestTheMultiAddsTheIdOrParksIt::test_it_parks_the_id_when_the_row_has_no_cached_value
ERROR tests/unit/orm/test_fields_relational_update_inverse.py::TestTheMultiAddsTheIdOrParksIt::test_it_adds_the_id_when_the_row_already_has_one
ERROR tests/unit/orm/test_fields_relational_update_inverse.py::TestTheMultiAddsTheIdOrParksIt::test_the_same_id_twice_appears_once
ERROR tests/unit/orm/test_fields_relational_update_inverse.py::TestTheMultiAddsTheIdOrParksIt::test_a_real_id_is_refused
ERROR tests/unit/orm/test_fields_relational_update_inverse.py::TestTheMultiAddsTheIdOrParksIt::test_a_saved_row_is_refused
ERROR tests/unit/orm/test_fields_relational_update_inverse.py::TestTheMultiDrainsThePendingPatches::test_the_parked_id_joins_the_value_being_written
ERROR tests/unit/orm/test_fields_relational_update_inverse.py::TestTheMultiDrainsThePendingPatches::test_the_patch_is_consumed_only_once
ERROR tests/unit/orm/test_fields_relational_update_inverse.py::TestTheMultiDrainsThePendingPatches::test_without_patches_it_writes_the_value_as_is
ERROR tests/unit/orm/test_fields_relational_update_inverse.py::TestTheCachePatchDeliversTheRawId::test_a_new_id_survives_the_round_trip_through_the_cache
ERROR tests/unit/orm/test_fields_relational_update_inverse.py::TestTheFilterNotEqualUsesASentinel::test_a_row_without_a_cached_value_always_differs
ERROR tests/unit/orm/test_fields_relational_update_inverse.py::TestTheFilterNotEqualUsesASentinel::test_a_row_with_the_same_cached_value_is_dropped
ERROR tests/unit/orm/test_fields_relational_update_inverse.py::TestTheFilterNotEqualUsesASentinel::test_a_cached_none_is_not_read_as_absent
ERROR tests/unit/orm/test_fields_relational_update_inverse.py::TestTheFilterNotEqualUsesASentinel::test_a_queryset_is_the_other_admitted_form
ERROR tests/unit/orm/test_fields_relational_update_inverse.py::TestTheFilterNotEqualUsesASentinel::test_a_bare_list_is_refused
ERROR tests/unit/orm/test_filtered_domain.py::TestBothCompilersAgree::test_the_engine_and_the_predicate_return_the_same_rows[igualdad]
ERROR tests/unit/orm/test_filtered_domain.py::TestBothCompilersAgree::test_the_engine_and_the_predicate_return_the_same_rows[desigualdad]
ERROR tests/unit/orm/test_filtered_domain.py::TestBothCompilersAgree::test_the_engine_and_the_predicate_return_the_same_rows[in]
ERROR tests/unit/orm/test_filtered_domain.py::TestBothCompilersAgree::test_the_engine_and_the_predicate_return_the_same_rows[not in]
ERROR tests/unit/orm/test_filtered_domain.py::TestBothCompilersAgree::test_the_engine_and_the_predicate_return_the_same_rows[like]
ERROR tests/unit/orm/test_filtered_domain.py::TestBothCompilersAgree::test_the_engine_and_the_predicate_return_the_same_rows[ilike]
ERROR tests/unit/orm/test_filtered_domain.py::TestBothCompilersAgree::test_the_engine_and_the_predicate_return_the_same_rows[=like exacto]
ERROR tests/unit/orm/test_filtered_domain.py::TestBothCompilersAgree::test_the_engine_and_the_predicate_return_the_same_rows[ilike con acento]
ERROR tests/unit/orm/test_filtered_domain.py::TestBothCompilersAgree::test_the_engine_and_the_predicate_return_the_same_rows[and]
ERROR tests/unit/orm/test_filtered_domain.py::TestBothCompilersAgree::test_the_engine_and_the_predicate_return_the_same_rows[or]
ERROR tests/unit/orm/test_filtered_domain.py::TestBothCompilersAgree::test_the_engine_and_the_predicate_return_the_same_rows[not]
ERROR tests/unit/orm/test_filtered_domain.py::TestBothCompilersAgree::test_the_engine_and_the_predicate_return_the_same_rows[or anidado en and]
ERROR tests/unit/orm/test_filtered_domain.py::TestFilteredDomain::test_it_keeps_the_order_of_the_input
ERROR tests/unit/orm/test_filtered_domain.py::TestFilteredDomain::test_an_empty_domain_returns_everything
ERROR tests/unit/orm/test_filtered_domain.py::TestFilteredDomain::test_no_records_is_a_no_op
ERROR tests/unit/orm/test_filtered_domain.py::TestFilteredDomain::test_it_reaches_an_unsaved_record
ERROR tests/unit/orm/test_filtered_domain.py::TestFilteredDomain::test_the_queryset_method_delegates_to_the_function
ERROR tests/unit/orm/test_filtered_domain.py::TestFilteredDomain::test_it_returns_a_list_not_a_queryset
ERROR tests/unit/orm/test_filtered_domain.py::TestAsPredicate::test_the_hierarchy_goes_up_to_full_before_being_evaluated
ERROR tests/unit/orm/test_filtered_domain.py::TestUnaccentDecisionIsShared::test_both_ways_answer_the_same
ERROR tests/unit/orm/test_fk_drf_contract.py::TestDrfSpeaksTheSymbol::test_the_field_is_built_as_a_primary_key_related_field
ERROR tests/unit/orm/test_fk_drf_contract.py::TestDrfSpeaksTheSymbol::test_the_serialized_key_and_value_are_the_symbol_and_its_pk
ERROR tests/unit/orm/test_fk_drf_contract.py::TestDrfSpeaksTheSymbol::test_the_column_name_appears_nowhere_in_the_serializer
ERROR tests/unit/orm/test_fk_drf_contract.py::TestDrfSpeaksTheSymbol::test_writing_binds_the_object_under_the_symbol
ERROR tests/unit/orm/test_fk_drf_contract.py::TestThePkOnlyOptimizationLivesOffTheSplit::test_serializing_the_relation_costs_no_extra_query
ERROR tests/unit/orm/test_fk_drf_contract.py::TestThePkOnlyOptimizationLivesOffTheSplit::test_the_optimization_is_declared_by_the_field_itself
ERROR tests/unit/orm/test_fk_three_axes.py::TestWhatEachLayerConsumes::test_serializable_value_bridges_the_symbol_to_the_attname
ERROR tests/unit/orm/test_fk_three_axes.py::TestWhatEachLayerConsumes::test_drf_reads_the_symbol_never_the_column
ERROR tests/unit/orm/test_fk_three_axes.py::TestWhatEachLayerConsumes::test_the_ddl_uses_the_column
ERROR tests/unit/orm/test_fk_three_axes.py::TestPostgresConsequences::test_the_index_name_derives_from_the_column_name
ERROR tests/unit/orm/test_fk_three_axes.py::TestTheCostThatJustifiesTheSplit::test_reading_the_symbol_costs_a_query
ERROR tests/unit/orm/test_fk_three_axes.py::TestTheCostThatJustifiesTheSplit::test_reading_the_attname_costs_none
ERROR tests/unit/orm/test_fk_three_axes.py::TestTheCostThatJustifiesTheSplit::test_the_truthiness_of_both_axes_coincides_and_that_is_the_trap
ERROR tests/unit/orm/test_fk_three_axes.py::TestDjangoDoesHaveAttributeLevelLaziness::test_a_deferred_field_fires_its_own_query_on_first_access
ERROR tests/unit/orm/test_fk_three_axes.py::TestDjangoDoesHaveAttributeLevelLaziness::test_select_related_with_only_builds_the_pk_only_proxy
ERROR tests/unit/orm/test_fk_three_axes.py::TestDjangoDoesHaveAttributeLevelLaziness::test_a_nullable_fk_returns_none_without_a_query
ERROR tests/unit/orm/test_level_one_symbols.py::TestRecordCacheReadsTheCacheOfOneRow::test_a_cached_field_is_readable_by_name
ERROR tests/unit/orm/test_level_one_symbols.py::TestRecordCacheReadsTheCacheOfOneRow::test_membership_answers_for_the_cached_field
ERROR tests/unit/orm/test_level_one_symbols.py::TestRecordCacheReadsTheCacheOfOneRow::test_an_uncached_field_raises_key_error
ERROR tests/unit/orm/test_level_one_symbols.py::TestRecordCacheReadsTheCacheOfOneRow::test_a_name_that_is_not_a_field_raises_key_error_too
ERROR tests/unit/orm/test_level_one_symbols.py::TestRecordCacheReadsTheCacheOfOneRow::test_it_iterates_only_the_cached_names
ERROR tests/unit/orm/test_level_one_symbols.py::TestRecordCacheReadsTheCacheOfOneRow::test_its_length_counts_the_cached_ones
ERROR tests/unit/orm/test_level_one_symbols.py::TestRecordCacheReadsTheCacheOfOneRow::test_the_cache_of_one_row_does_not_leak_into_another
ERROR tests/unit/orm/test_level_one_symbols.py::TestRecordCacheReadsTheCacheOfOneRow::test_it_is_a_mapping
ERROR tests/unit/orm/test_level_one_symbols.py::TestThePrefetchViewsWalkTheCacheOfTheSet::test_the_many2one_view_yields_the_coids_in_order
ERROR tests/unit/orm/test_level_one_symbols.py::TestThePrefetchViewsWalkTheCacheOfTheSet::test_the_many2one_view_drops_the_id_with_no_cached_value
ERROR tests/unit/orm/test_level_one_symbols.py::TestThePrefetchViewsWalkTheCacheOfTheSet::test_the_many2one_view_deduplicates
ERROR tests/unit/orm/test_level_one_symbols.py::TestThePrefetchViewsWalkTheCacheOfTheSet::test_the_many2one_view_is_reversible
ERROR tests/unit/orm/test_level_one_symbols.py::TestThePrefetchViewsWalkTheCacheOfTheSet::test_the_x2many_view_flattens_each_collection
ERROR tests/unit/orm/test_level_one_symbols.py::TestThePrefetchViewsWalkTheCacheOfTheSet::test_the_x2many_view_treats_a_missing_id_as_empty
ERROR tests/unit/orm/test_level_one_symbols.py::TestThePrefetchViewsWalkTheCacheOfTheSet::test_the_x2many_view_deduplicates_across_collections
ERROR tests/unit/orm/test_level_one_symbols.py::TestThePrefetchViewsWalkTheCacheOfTheSet::test_the_x2many_view_is_reversible
ERROR tests/unit/orm/test_level_one_symbols.py::TestThePrefetchViewsWalkTheCacheOfTheSet::test_both_are_reversible_iterables
ERROR tests/unit/orm/test_level_two_symbols.py::TestTheCollectorResolvesTheCallableForm::test_it_calls_the_callable_with_its_model
ERROR tests/unit/orm/test_level_two_symbols.py::TestTheCollectorResolvesTheCallableForm::test_a_plain_sequence_comes_through_as_a_tuple
ERROR tests/unit/orm/test_level_two_symbols.py::TestTheCollectorResolvesTheCallableForm::test_the_real_table_still_builds
ERROR tests/unit/orm/test_load.py::TestTheHappyPath::test_two_rows_become_two_records
ERROR tests/unit/orm/test_load.py::TestTheHappyPath::test_the_external_id_is_assigned
ERROR tests/unit/orm/test_load.py::TestTheHappyPath::test_the_module_of_the_context_prefixes_the_external_id
ERROR tests/unit/orm/test_load.py::TestTheHappyPath::test_a_second_load_of_the_same_external_id_updates
ERROR tests/unit/orm/test_load.py::TestTheFailurePath::test_an_unknown_column_is_refused_before_touching_the_base
ERROR tests/unit/orm/test_load.py::TestTheFailurePath::test_a_failing_row_undoes_the_good_ones
ERROR tests/unit/orm/test_load.py::TestTheFailurePath::test_the_message_names_the_row_that_failed
ERROR tests/unit/orm/test_load.py::TestTheReferencingColumns::test_a_database_id_column_updates_that_record
ERROR tests/unit/orm/test_load.py::TestTheReferencingColumns::test_an_unknown_database_id_is_reported
ERROR tests/unit/orm/test_load.py::TestTheResultShape::test_nextrow_is_zero_when_the_file_ended
ERROR tests/unit/orm/test_load.py::TestTheResultShape::test_the_limit_stops_and_reports_where
ERROR tests/unit/orm/test_marked_method_collectors.py::TestValidateFieldsRunsOnlyTheAffectedConstraints::test_a_constraint_that_names_a_touched_field_runs
ERROR tests/unit/orm/test_marked_method_collectors.py::TestValidateFieldsRunsOnlyTheAffectedConstraints::test_a_constraint_that_names_no_touched_field_stays_quiet
ERROR tests/unit/orm/test_marked_method_collectors.py::TestValidateFieldsRunsOnlyTheAffectedConstraints::test_an_excluded_field_vetoes_the_constraint
ERROR tests/unit/orm/test_marked_method_collectors.py::TestValidateFieldsRunsOnlyTheAffectedConstraints::test_a_model_without_constraints_does_nothing
ERROR tests/unit/orm/test_marked_method_collectors.py::TestTheLiveDeclarantIsSeenByTheCollector::test_the_crm_constraint_without_a_caller_is_collected
ERROR tests/unit/orm/test_model_class_construction.py::TestInheritsChildrenIsTheBackEdge::test_the_live_delegators_appear_under_their_parent
ERROR tests/unit/orm/test_model_class_construction.py::TestInheritsChildrenIsTheBackEdge::test_a_model_nobody_delegates_to_has_no_children
ERROR tests/unit/orm/test_model_class_construction.py::TestTheWiringRunsOnTheLiveTree::test_every_registered_model_got_its_description
ERROR tests/unit/orm/test_model_class_construction.py::TestTheWiringRunsOnTheLiveTree::test_a_model_without_a_declared_table_derives_it_from_the_name
ERROR tests/unit/orm/test_model_class_construction.py::TestTheWiringRunsOnTheLiveTree::test_a_declared_table_is_not_clobbered_by_the_default
ERROR tests/unit/orm/test_model_class_construction.py::TestTheWiringRunsOnTheLiveTree::test_a_model_that_inherits_a_name_without_declaring_one_is_skipped
ERROR tests/unit/orm/test_model_class_construction.py::TestTheWiringRunsOnTheLiveTree::test_the_sweep_covers_every_registered_model
ERROR tests/unit/orm/test_model_class_lifecycle.py::TestToRecordIdsNormalizesTheThreeShapes::test_a_saved_row_gives_its_id
ERROR tests/unit/orm/test_model_class_lifecycle.py::TestToRecordIdsNormalizesTheThreeShapes::test_an_unsaved_row_gives_nothing
ERROR tests/unit/orm/test_model_class_lifecycle.py::TestAddFieldHangsTheFieldOnTheBuiltClass::test_it_hangs_a_manual_field_and_meta_finds_it
ERROR tests/unit/orm/test_model_class_lifecycle.py::TestAddFieldHangsTheFieldOnTheBuiltClass::test_it_marks_the_field_as_top_level
ERROR tests/unit/orm/test_model_class_lifecycle.py::TestAddFieldHangsTheFieldOnTheBuiltClass::test_a_name_neither_declared_nor_manual_is_refused
ERROR tests/unit/orm/test_model_class_lifecycle.py::TestAddFieldHangsTheFieldOnTheBuiltClass::test_something_that_is_not_a_field_is_refused
ERROR tests/unit/orm/test_model_class_lifecycle.py::TestAddFieldHangsTheFieldOnTheBuiltClass::test_a_declared_name_passes_the_first_validation
ERROR tests/unit/orm/test_model_class_lifecycle.py::TestPopFieldTakesTheFieldOffAgain::test_it_returns_the_field_it_removed
ERROR tests/unit/orm/test_model_class_lifecycle.py::TestPopFieldTakesTheFieldOffAgain::test_meta_stops_finding_it
ERROR tests/unit/orm/test_model_class_lifecycle.py::TestPopFieldTakesTheFieldOffAgain::test_an_absent_name_gives_none
ERROR tests/unit/orm/test_model_class_lifecycle.py::TestPopFieldTakesTheFieldOffAgain::test_it_clears_rec_name_when_it_was_the_one
ERROR tests/unit/orm/test_model_class_lifecycle.py::TestCheckInheritsValidatesTheDelegatedField::test_the_live_declarants_pass
ERROR tests/unit/orm/test_model_class_lifecycle.py::TestCheckInheritsValidatesTheDelegatedField::test_a_missing_field_is_refused
ERROR tests/unit/orm/test_model_class_lifecycle.py::TestCheckInheritsValidatesTheDelegatedField::test_a_field_that_is_not_a_foreign_key_is_refused
ERROR tests/unit/orm/test_model_class_lifecycle.py::TestCheckInheritsValidatesTheDelegatedField::test_a_field_that_does_not_delegate_is_refused
ERROR tests/unit/orm/test_model_class_lifecycle.py::TestCheckInheritsValidatesTheDelegatedField::test_a_nullable_field_is_refused
ERROR tests/unit/orm/test_model_class_lifecycle.py::TestCheckInheritsValidatesTheDelegatedField::test_a_wrong_ondelete_policy_is_refused
ERROR tests/unit/orm/test_models_item_access.py::TestWhatWasNotPorted::test_the_container_keeps_its_django_meaning
ERROR tests/unit/orm/test_modified_engine.py::TestTheFarDependencyWalksBackwards::test_touching_the_owner_marks_the_probe
ERROR tests/unit/orm/test_modified_engine.py::TestTheFarDependencyWalksBackwards::test_an_owner_without_probes_marks_nothing
ERROR tests/unit/orm/test_modified_engine.py::TestTheFarDependencyWalksBackwards::test_only_the_probes_of_that_owner_are_marked
ERROR tests/unit/orm/test_modified_engine.py::TestCreateSkipsTheManyToOneReturn::test_on_create_the_backward_walk_is_skipped
ERROR tests/unit/orm/test_modified_engine.py::TestCreateSkipsTheManyToOneReturn::test_without_create_the_same_call_does_mark
ERROR tests/unit/orm/test_modified_engine.py::TestRecompute::test_the_recordset_variant_computes_only_its_rows
ERROR tests/unit/orm/test_modified_engine.py::TestRecompute::test_the_model_variant_computes_every_pending_row
ERROR tests/unit/orm/test_modified_engine.py::TestRecompute::test_a_field_with_nothing_pending_is_a_no_op
ERROR tests/unit/orm/test_modified_engine.py::TestTheEngineClosesTheCircle::test_the_marked_field_reaches_the_column_on_flush
ERROR tests/unit/orm/test_modified_engine.py::TestTheEngineClosesTheCircle::test_without_the_flush_the_column_keeps_the_old_value
ERROR tests/unit/orm/test_one2many.py::TestItResolvesToTheDjangoReverse::test_reading_it_gives_the_children
ERROR tests/unit/orm/test_one2many.py::TestItResolvesToTheDjangoReverse::test_it_agrees_with_the_related_name
ERROR tests/unit/orm/test_one2many.py::TestTheMissingInverseIsNamed::test_an_unknown_inverse_is_refused_by_name
ERROR tests/unit/orm/test_one2many.py::TestAssignmentAppliesTheReferenceDecision::test_a_cascade_inverse_deletes_the_leftover
ERROR tests/unit/orm/test_one2many.py::TestAssignmentAppliesTheReferenceDecision::test_a_set_null_inverse_only_unlinks
ERROR tests/unit/orm/test_origin_mixin.py::TestOrigin::test_a_saved_record_reads_the_stored_value_not_the_one_in_memory
ERROR tests/unit/orm/test_origin_mixin.py::TestOrigin::test_after_saving_the_origin_catches_up
ERROR tests/unit/orm/test_origin_mixin.py::TestOrigin::test_an_unsaved_record_is_its_own_origin
ERROR tests/unit/orm/test_origin_mixin.py::TestOrigin::test_the_origin_is_a_different_instance
ERROR tests/unit/orm/test_origin_mixin.py::TestOrigin::test_it_is_not_memoized
ERROR tests/unit/orm/test_origin_mixin.py::TestOrigin::test_res_partner_adopts_the_mixin
ERROR tests/unit/orm/test_precompute_before_insert.py::TestTheCallerNamedValuesAreCaptured::test_a_keyword_argument_is_recorded
ERROR tests/unit/orm/test_precompute_before_insert.py::TestTheCallerNamedValuesAreCaptured::test_naming_nothing_leaves_the_set_empty
ERROR tests/unit/orm/test_precompute_before_insert.py::TestTheCallerNamedValuesAreCaptured::test_a_positional_argument_is_recorded_by_name_and_attname
ERROR tests/unit/orm/test_precompute_before_insert.py::TestTheCallerNamedValuesAreCaptured::test_a_field_beyond_the_positional_run_is_not_recorded
ERROR tests/unit/orm/test_precompute_before_insert.py::TestOnlyTheUncoveredPrecomputeIsPending::test_a_writable_precompute_nobody_named_is_pending
ERROR tests/unit/orm/test_precompute_before_insert.py::TestOnlyTheUncoveredPrecomputeIsPending::test_a_writable_precompute_the_caller_named_is_skipped
ERROR tests/unit/orm/test_precompute_before_insert.py::TestOnlyTheUncoveredPrecomputeIsPending::test_a_readonly_precompute_is_pending_even_when_named
ERROR tests/unit/orm/test_precompute_before_insert.py::TestOnlyTheUncoveredPrecomputeIsPending::test_a_field_without_precompute_is_never_pending
ERROR tests/unit/orm/test_precompute_before_insert.py::TestTheComputesRunInDependencyOrder::test_the_declaration_order_puts_the_reducers_first
ERROR tests/unit/orm/test_precompute_before_insert.py::TestTheComputesRunInDependencyOrder::test_the_amount_runs_before_the_reducers
ERROR tests/unit/orm/test_precompute_before_insert.py::TestTheComputesRunInDependencyOrder::test_a_compute_that_writes_three_fields_runs_once
ERROR tests/unit/orm/test_precompute_before_insert.py::TestTheComputesRunInDependencyOrder::test_the_pass_leaves_the_value_computed
ERROR tests/unit/orm/test_precompute_before_insert.py::TestTheReceiverFiresOnlyOnInsert::test_a_row_that_does_not_exist_yet_is_computed
ERROR tests/unit/orm/test_precompute_before_insert.py::TestTheReceiverFiresOnlyOnInsert::test_a_row_that_already_exists_is_left_alone
ERROR tests/unit/orm/test_precompute_before_insert.py::TestTheReceiverFiresOnlyOnInsert::test_the_fixture_loader_is_left_alone
ERROR tests/unit/orm/test_precompute_before_insert.py::TestTheUnsavedRowNeverReachesTheCache::test_no_none_key_lands_in_the_field_cache
ERROR tests/unit/orm/test_precompute_before_insert.py::TestTheUnsavedRowNeverReachesTheCache::test_the_cache_does_take_the_value_of_a_saved_row
ERROR tests/unit/orm/test_precompute_before_insert.py::TestValidityDateEndToEnd::test_creating_without_naming_it_computes_the_date
ERROR tests/unit/orm/test_precompute_before_insert.py::TestValidityDateEndToEnd::test_creating_with_an_explicit_none_leaves_it_unset
ERROR tests/unit/orm/test_record_loader.py::TestLoadRecords::test_it_creates_a_record_and_assigns_the_xmlid
ERROR tests/unit/orm/test_record_loader.py::TestLoadRecords::test_a_second_load_updates_instead_of_duplicating
ERROR tests/unit/orm/test_record_loader.py::TestLoadRecords::test_it_returns_the_records_in_the_order_of_data_list
ERROR tests/unit/orm/test_record_loader.py::TestLoadRecords::test_without_an_xmlid_it_creates
ERROR tests/unit/orm/test_record_loader.py::TestLoadRecords::test_without_an_xmlid_but_with_an_id_it_updates
ERROR tests/unit/orm/test_record_loader.py::TestLoadRecords::test_an_update_without_id_or_xmlid_is_rejected
ERROR tests/unit/orm/test_record_loader.py::TestLoadRecords::test_an_xmlid_of_another_model_is_rejected
ERROR tests/unit/orm/test_record_loader.py::TestLoadRecords::test_an_orphan_xmlid_is_dropped_and_the_record_recreated
ERROR tests/unit/orm/test_record_loader.py::TestNoupdateProtection::test_noupdate_blocks_the_write_when_updating
ERROR tests/unit/orm/test_record_loader.py::TestNoupdateProtection::test_without_update_the_flag_does_not_protect
ERROR tests/unit/orm/test_record_loader.py::TestContextWarnings::test_import_file_rejects_a_prefix_of_an_installed_module
ERROR tests/unit/orm/test_record_loader.py::TestContextWarnings::test_import_file_accepts_a_prefix_that_is_not_a_module
ERROR tests/unit/orm/test_record_loader.py::TestContextWarnings::test_noupdate_exempts_the_import_file_check
ERROR tests/unit/orm/test_record_loader.py::TestPartnerBatchSync::test_the_address_of_the_parent_reaches_its_contacts
ERROR tests/unit/orm/test_record_loader.py::TestPartnerBatchSync::test_a_delivery_address_is_not_overwritten
ERROR tests/unit/orm/test_registry_load_axis.py::TestTheInvalidationFlags::test_the_registry_flag_starts_false
ERROR tests/unit/orm/test_registry_load_axis.py::TestTheInvalidationFlags::test_setting_the_registry_flag_sticks
ERROR tests/unit/orm/test_registry_load_axis.py::TestTheInvalidationFlags::test_the_cache_flag_starts_empty
ERROR tests/unit/orm/test_registry_load_axis.py::TestTheInvalidationFlags::test_the_cache_flag_is_the_same_set_on_every_read
ERROR tests/unit/orm/test_registry_load_axis.py::TestTheInvalidationFlags::test_the_flag_is_per_thread
ERROR tests/unit/orm/test_registry_load_axis.py::TestPostInit::test_it_queues_the_call
ERROR tests/unit/orm/test_registry_load_axis.py::TestPostInit::test_the_arguments_travel_with_it
ERROR tests/unit/orm/test_registry_load_axis.py::TestPostInit::test_it_does_not_run_the_function
ERROR tests/unit/orm/test_registry_load_axis.py::TestPostConstraint::test_a_working_constraint_runs_now
ERROR tests/unit/orm/test_registry_load_axis.py::TestPostConstraint::test_a_failing_constraint_is_queued_not_raised
ERROR tests/unit/orm/test_registry_load_axis.py::TestPostConstraint::test_an_already_queued_key_is_only_replaced
ERROR tests/unit/orm/test_registry_load_axis.py::TestPostConstraint::test_during_an_install_it_logs_error_and_does_not_queue
ERROR tests/unit/orm/test_registry_load_axis.py::TestFinalizeConstraints::test_it_runs_what_was_queued
ERROR tests/unit/orm/test_registry_load_axis.py::TestFinalizeConstraints::test_it_empties_the_queue
ERROR tests/unit/orm/test_registry_load_axis.py::TestFinalizeConstraints::test_a_failure_only_warns
ERROR tests/unit/orm/test_registry_load_axis.py::TestLoad::test_it_returns_the_names_of_the_module_models
ERROR tests/unit/orm/test_registry_load_axis.py::TestLoad::test_an_unknown_module_yields_nothing
ERROR tests/unit/orm/test_registry_load_axis.py::TestLoad::test_it_accepts_the_node_shape_of_the_reference
ERROR tests/unit/orm/test_registry_load_axis.py::TestLoad::test_it_clears_the_trigger_memo
ERROR tests/unit/orm/test_registry_load_axis.py::TestSetupModels::test_it_marks_the_registry_invalidated
ERROR tests/unit/orm/test_registry_load_axis.py::TestSetupModels::test_it_clears_the_trigger_memo
ERROR tests/unit/orm/test_registry_load_axis.py::TestSetupModels::test_naming_models_narrows_to_their_descendants
ERROR tests/unit/orm/test_registry_load_axis.py::TestInitModels::test_no_names_is_a_no_op
ERROR tests/unit/orm/test_registry_load_axis.py::TestInitModels::test_the_three_temporaries_are_gone_afterwards
ERROR tests/unit/orm/test_registry_load_axis.py::TestInitModels::test_it_drains_the_post_init_queue
ERROR tests/unit/orm/test_registry_load_axis.py::TestInitModels::test_it_forgets_the_ordinary_tables
ERROR tests/unit/orm/test_registry_schema_axis.py::TestCheckNullConstraints::test_a_not_null_column_enters
ERROR tests/unit/orm/test_registry_schema_axis.py::TestCheckNullConstraints::test_a_nullable_column_does_not_enter
ERROR tests/unit/orm/test_registry_schema_axis.py::TestCheckNullConstraints::test_the_primary_key_enters_without_asking_the_schema
ERROR tests/unit/orm/test_registry_schema_axis.py::TestCheckNullConstraints::test_an_unmanaged_model_is_skipped
ERROR tests/unit/orm/test_registry_schema_axis.py::TestCheckNullConstraints::test_it_replaces_what_was_there
ERROR tests/unit/orm/test_registry_schema_axis.py::TestCheckIndexes::test_it_creates_the_expected_index
ERROR tests/unit/orm/test_registry_schema_axis.py::TestCheckIndexes::test_a_field_without_index_gets_none
ERROR tests/unit/orm/test_registry_schema_axis.py::TestCheckIndexes::test_an_empty_expectation_is_a_no_op
ERROR tests/unit/orm/test_registry_schema_axis.py::TestCheckIndexes::test_it_walks_a_real_model_without_breaking
ERROR tests/unit/orm/test_registry_schema_axis.py::TestCheckIndexes::test_the_field_registry_answers_from_the_class
ERROR tests/unit/orm/test_registry_schema_axis.py::TestCheckIndexes::test_a_partial_index_carries_its_condition
ERROR tests/unit/orm/test_registry_schema_axis.py::TestAddForeignKey::test_it_records_the_expectation
ERROR tests/unit/orm/test_registry_schema_axis.py::TestAddForeignKey::test_forcing_replaces
ERROR tests/unit/orm/test_registry_schema_axis.py::TestAddForeignKey::test_not_forcing_keeps_the_first
ERROR tests/unit/orm/test_registry_schema_axis.py::TestCheckForeignKeys::test_an_empty_queue_is_a_no_op
ERROR tests/unit/orm/test_registry_schema_axis.py::TestCheckForeignKeys::test_it_creates_the_missing_key
ERROR tests/unit/orm/test_registry_schema_axis.py::TestCheckTablesExist::test_a_present_table_reports_nothing
ERROR tests/unit/orm/test_registry_schema_axis.py::TestCheckTablesExist::test_a_missing_table_is_named
ERROR tests/unit/orm/test_registry_schema_axis.py::TestIsAnOrdinaryTable::test_a_real_table_is_ordinary
ERROR tests/unit/orm/test_registry_schema_axis.py::TestIsAnOrdinaryTable::test_a_view_is_not_an_ordinary_table
ERROR tests/unit/orm/test_registry_schema_axis.py::TestIsAnOrdinaryTable::test_the_answer_is_memoised
ERROR tests/unit/orm/test_registry_signaling_axis.py::TestTheSignalingTables::test_every_table_exists_in_the_schema
ERROR tests/unit/orm/test_registry_signaling_axis.py::TestGetSequences::test_it_returns_the_registry_sequence_and_one_per_cache
ERROR tests/unit/orm/test_registry_signaling_axis.py::TestGetSequences::test_every_sequence_starts_seeded
ERROR tests/unit/orm/test_registry_signaling_axis.py::TestSetupSignaling::test_it_loads_the_sequences_into_the_registry
ERROR tests/unit/orm/test_registry_signaling_axis.py::TestSetupSignaling::test_a_missing_table_is_named_not_created
ERROR tests/unit/orm/test_registry_signaling_axis.py::TestSignalChanges::test_it_does_nothing_when_nothing_was_invalidated
ERROR tests/unit/orm/test_registry_signaling_axis.py::TestSignalChanges::test_a_second_reader_sees_the_bump
ERROR tests/unit/orm/test_registry_signaling_axis.py::TestSignalChanges::test_it_keeps_its_own_counter_in_step
ERROR tests/unit/orm/test_registry_signaling_axis.py::TestSignalChanges::test_it_clears_the_flags
ERROR tests/unit/orm/test_registry_signaling_axis.py::TestSignalChanges::test_a_registry_change_bumps_the_registry_table
ERROR tests/unit/orm/test_registry_signaling_axis.py::TestSignalChanges::test_a_registry_change_does_not_also_bump_the_caches
ERROR tests/unit/orm/test_registry_signaling_axis.py::TestSignalChanges::test_it_warns_and_returns_when_the_registry_is_not_ready
ERROR tests/unit/orm/test_registry_signaling_axis.py::TestCheckSignaling::test_without_changes_it_returns_the_same_registry
ERROR tests/unit/orm/test_registry_signaling_axis.py::TestCheckSignaling::test_a_foreign_cache_bump_invalidates_here
ERROR tests/unit/orm/test_registry_signaling_axis.py::TestCheckSignaling::test_it_takes_the_new_sequence
ERROR tests/unit/orm/test_registry_signaling_axis.py::TestCheckSignaling::test_an_untouched_cache_survives
ERROR tests/unit/orm/test_registry_signaling_axis.py::TestCheckSignaling::test_a_registry_bump_returns_a_rebuilt_registry
ERROR tests/unit/orm/test_registry_signaling_axis.py::TestCheckSignaling::test_without_a_cursor_it_opens_its_own
ERROR tests/unit/orm/test_registry_signaling_axis.py::TestResetChanges::test_it_empties_the_invalidated_caches
ERROR tests/unit/orm/test_registry_signaling_axis.py::TestResetChanges::test_it_re_runs_the_setup_when_the_registry_changed
ERROR tests/unit/orm/test_registry_signaling_axis.py::TestResetChanges::test_it_does_nothing_when_nothing_changed
ERROR tests/unit/orm/test_registry_signaling_axis.py::TestManageChanges::test_it_signals_on_a_clean_exit
ERROR tests/unit/orm/test_registry_signaling_axis.py::TestManageChanges::test_it_resets_and_re_raises_on_failure
ERROR tests/unit/orm/test_registry_signaling_axis.py::TestManageChanges::test_it_is_deprecated_since_19
ERROR tests/unit/orm/test_registry_signaling_axis.py::TestCursor::test_it_yields_a_usable_cursor
ERROR tests/unit/orm/test_registry_signaling_axis.py::TestCursor::test_readonly_falls_back_to_the_read_write_cursor
ERROR tests/unit/orm/test_registry_signaling_axis.py::TestTheReconciledInvalidationRecord::test_the_module_invalidator_writes_what_the_signal_reads
ERROR tests/unit/orm/test_registry_signaling_axis.py::TestTheReconciledInvalidationRecord::test_clear_all_caches_annotates_every_key
ERROR tests/unit/orm/test_registry_signaling_axis.py::TestTheReconciledInvalidationRecord::test_the_record_is_per_thread
ERROR tests/unit/orm/test_registry_signaling_axis.py::TestTheReconciledInvalidationRecord::test_the_live_container_is_the_one_ormcache_reads
ERROR tests/unit/orm/test_related_field_declaration.py::TestReadingWalksTheChain::test_reading_the_related_gives_the_value_at_the_end
ERROR tests/unit/orm/test_related_field_declaration.py::TestReadingWalksTheChain::test_a_broken_link_reads_as_empty_instead_of_raising
ERROR tests/unit/orm/test_related_field_declaration.py::TestTheFourDeclaredInResBank::test_the_account_reads_the_name_and_the_bic_of_its_bank
ERROR tests/unit/orm/test_related_field_declaration.py::TestTheFourDeclaredInResBank::test_the_chain_of_two_links_resolves_end_to_end
ERROR tests/unit/orm/test_related_in_every_field_type.py::TestTheChainResolvesForEachShape::test_a_many2one_chain_gives_the_instance_at_the_end
ERROR tests/unit/orm/test_related_in_every_field_type.py::TestTheChainResolvesForEachShape::test_a_one2many_chain_gives_the_manager_at_the_end
ERROR tests/unit/orm/test_related_write_reaches_the_far_end.py::TestTheWriteReachesTheEndOfTheChain::test_writing_bank_name_renames_the_bank
ERROR tests/unit/orm/test_related_write_reaches_the_far_end.py::TestTheWriteReachesTheEndOfTheChain::test_writing_bank_bic_reaches_the_bank_too
ERROR tests/unit/orm/test_related_write_reaches_the_far_end.py::TestTheWriteReachesTheEndOfTheChain::test_a_readonly_related_does_not_propagate
ERROR tests/unit/orm/test_related_write_reaches_the_far_end.py::TestTheGuardOfTheSource::test_an_unsaved_record_does_not_write_into_a_saved_one
ERROR tests/unit/orm/test_related_write_reaches_the_far_end.py::TestTheGuardOfTheSource::test_a_broken_link_does_not_raise
ERROR tests/unit/orm/test_related_write_reaches_the_far_end.py::TestTheRelationalShape::test_writing_a_manager_end_uses_the_django_api
ERROR tests/unit/orm/test_related_write_reaches_the_far_end.py::TestResCompanyBankIds::test_the_company_reads_the_accounts_of_its_partner
ERROR tests/unit/orm/test_related_write_reaches_the_far_end.py::TestResCompanyBankIds::test_writing_from_the_company_reaches_the_partner
ERROR tests/unit/orm/test_table_objects.py::TestTheBridgeToDjango::test_a_constraint_carries_its_full_name
ERROR tests/unit/orm/test_table_objects.py::TestTheBridgeToDjango::test_a_constraint_emits_its_definition_verbatim
ERROR tests/unit/orm/test_table_objects.py::TestTheBridgeToDjango::test_a_unique_index_emits_create_unique_index
ERROR tests/unit/orm/test_table_objects.py::TestTheBridgeToDjango::test_a_plain_index_emits_create_index_without_uniqueness
ERROR tests/unit/orm/test_table_objects.py::TestTheBridgeToDjango::test_the_violation_message_travels_to_the_native_constraint
ERROR tests/unit/orm/test_unaccent.py::TestTheExtensionIsInstalled::test_the_extension_is_created
ERROR tests/unit/orm/test_unaccent.py::TestTheExtensionIsInstalled::test_the_one_argument_function_exists
ERROR tests/unit/orm/test_unaccent.py::TestBothWaysIgnoreTheAccent::test_the_engine_finds_the_accented_row
ERROR tests/unit/orm/test_unaccent.py::TestBothWaysIgnoreTheAccent::test_the_in_memory_predicate_finds_it_too
ERROR tests/unit/orm/test_unaccent.py::TestBothWaysIgnoreTheAccent::test_the_two_ways_agree
ERROR tests/unit/orm/test_unaccent.py::TestBothWaysIgnoreTheAccent::test_it_works_in_the_other_direction_too
ERROR tests/unit/orm/test_unaccent.py::TestOnlyILikeUnaccents::test_like_does_not_unaccent
ERROR tests/unit/orm/test_unaccent.py::TestOnlyILikeUnaccents::test_the_ilike_sql_names_the_function
ERROR tests/unit/orm/test_utils_record_adaptation.py::TestTheBrowsePreservesTheOrderItWasGiven::test_the_given_sequence_survives
ERROR tests/unit/orm/test_utils_record_adaptation.py::TestTheBrowsePreservesTheOrderItWasGiven::test_the_reversed_sequence_survives_too
ERROR tests/unit/orm/test_utils_record_adaptation.py::TestTheBrowsePreservesTheOrderItWasGiven::test_the_model_ordering_does_not_win
ERROR tests/unit/orm/test_utils_record_adaptation.py::TestTheBrowseAcceptsTheFourFormsOfItsArgument::test_no_argument_is_the_empty_set
ERROR tests/unit/orm/test_utils_record_adaptation.py::TestTheBrowseAcceptsTheFourFormsOfItsArgument::test_an_empty_iterable_is_the_empty_set
ERROR tests/unit/orm/test_utils_record_adaptation.py::TestTheBrowseAcceptsTheFourFormsOfItsArgument::test_a_bare_int_is_not_iterated
ERROR tests/unit/orm/test_utils_record_adaptation.py::TestTheBrowseAcceptsTheFourFormsOfItsArgument::test_a_generator_is_consumed_once
ERROR tests/unit/orm/test_utils_record_adaptation.py::TestTheBrowseIsTheInverseOfRecordIds::test_the_round_trip_returns_the_same_ids
ERROR tests/unit/orm/test_utils_record_adaptation.py::TestTheBrowseIsTheInverseOfRecordIds::test_a_queryset_round_trips_through_both
ERROR tests/unit/orm/test_utils_record_adaptation.py::TestTheDivergencesAreDeclaredAndMeasured::test_an_unknown_id_is_dropped_instead_of_deferred
ERROR tests/unit/orm/test_utils_record_adaptation.py::TestTheDivergencesAreDeclaredAndMeasured::test_a_repeated_id_appears_once
ERROR tests/unit/orm/test_utils_record_adaptation.py::TestTheTripleWinsOverThePkOfTheRow::test_a_multi_recordset_gives_its_ids
ERROR tests/unit/orm/test_utils_record_adaptation.py::TestTheTripleWinsOverThePkOfTheRow::test_the_order_of_the_triple_survives
ERROR tests/unit/orm/test_utils_record_adaptation.py::TestTheTripleWinsOverThePkOfTheRow::test_a_plain_django_row_still_answers_with_its_pk
ERROR tests/unit/orm/test_utils_record_adaptation.py::TestTheModelOfReadsTheClassOffTheRows::test_an_instance_gives_its_class
ERROR tests/unit/orm/test_utils_record_adaptation.py::TestTheModelOfReadsTheClassOffTheRows::test_a_queryset_gives_its_model
ERROR tests/unit/orm/test_utils_record_adaptation.py::TestTheModelOfReadsTheClassOffTheRows::test_an_empty_queryset_gives_it_too
ERROR tests/unit/orm/test_utils_record_adaptation.py::TestTheModelOfReadsTheClassOffTheRows::test_the_class_itself_passes_through
ERROR tests/unit/orm/test_utils_record_adaptation.py::TestTheModelOfReadsTheClassOffTheRows::test_a_bare_iterable_is_refused
ERROR tests/unit/orm/test_utils_record_adaptation.py::TestTheModelOfReadsTheClassOffTheRows::test_something_that_is_not_a_model_is_refused
ERROR tests/unit/orm/test_utils_record_adaptation.py::TestTheAsRecordListGivesTheRowsThemselves::test_none_is_the_empty_list
ERROR tests/unit/orm/test_utils_record_adaptation.py::TestTheAsRecordListGivesTheRowsThemselves::test_one_instance_is_wrapped_not_iterated
ERROR tests/unit/orm/test_utils_record_adaptation.py::TestTheAsRecordListGivesTheRowsThemselves::test_a_queryset_is_materialised
ERROR tests/unit/orm/test_utils_record_adaptation.py::TestTheAsRecordListGivesTheRowsThemselves::test_a_generator_is_materialised_too
ERROR tests/unit/orm/test_utils_record_adaptation.py::TestTheAsRecordListGivesTheRowsThemselves::test_it_is_the_counterpart_of_record_ids
ERROR tests/unit/orm/test_access_manager.py::TestUniversalAdoption::test_no_model_of_ours_is_left_out
ERROR tests/unit/orm/test_access_manager.py::TestUniversalAdoption::test_a_model_without_its_own_manager_got_it
ERROR tests/unit/orm/test_access_manager.py::TestUniversalAdoption::test_a_model_with_the_shared_base_got_it_too
ERROR tests/unit/orm/test_access_manager.py::TestUniversalAdoption::test_the_four_forms_are_reachable
ERROR tests/unit/orm/test_access_manager.py::TestUniversalAdoption::test_third_party_models_are_left_alone
ERROR tests/unit/orm/test_access_manager.py::TestOwnManagersDeriveFromIt::test_the_declared_managers_derive_from_access_manager[SoftDeleteManager]
ERROR tests/unit/orm/test_access_manager.py::TestOwnManagersDeriveFromIt::test_the_declared_managers_derive_from_access_manager[AllObjectsManager]
ERROR tests/unit/orm/test_access_manager.py::TestOwnManagersDeriveFromIt::test_the_declared_managers_derive_from_access_manager[ResUsersManager]
ERROR tests/unit/orm/test_access_manager.py::TestOwnManagersDeriveFromIt::test_the_declared_managers_derive_from_access_manager[RuleScopedManager]
ERROR tests/unit/orm/test_access_manager.py::TestOwnManagersDeriveFromIt::test_the_soft_delete_model_is_who_resolves_objects
ERROR tests/unit/orm/test_access_manager.py::TestAdoptAccessManagerDiscriminates::test_it_refuses_an_abstract_model
ERROR tests/unit/orm/test_access_manager.py::TestAdoptAccessManagerDiscriminates::test_it_refuses_a_third_party_model
ERROR tests/unit/orm/test_access_manager.py::TestAdoptAccessManagerDiscriminates::test_it_refuses_a_model_with_its_own_manager
ERROR tests/unit/orm/test_access_manager.py::TestAdoptAccessManagerDiscriminates::test_it_refuses_one_it_already_adopted
ERROR tests/unit/orm/test_access_manager.py::TestAdoptAccessManagerDiscriminates::test_the_sweep_reports_how_many_it_adopted
ERROR tests/unit/orm/test_access_manager.py::TestTheGateDiscriminates::test_it_names_a_model_rebased_to_a_plain_manager
ERROR tests/unit/orm/test_access_manager.py::TestNoDeclaredManagerIsShadowed::test_the_tree_has_none
ERROR tests/unit/orm/test_access_manager.py::TestNoDeclaredManagerIsShadowed::test_it_names_the_eclipse_when_a_generic_base_declares_objects
ERROR tests/unit/orm/test_access_manager.py::TestPrefixesStayInSync::test_the_gate_and_the_adopter_share_the_prefixes
ERROR tests/unit/orm/test_bare_store_false_declaration.py::TestTheRouterReadsTheResolvedStore::test_a_bare_store_false_has_no_column[Html]
ERROR tests/unit/orm/test_bare_store_false_declaration.py::TestTheRouterReadsTheResolvedStore::test_a_bare_store_false_has_no_column[Binary]
ERROR tests/unit/orm/test_bare_store_false_declaration.py::TestTheRouterReadsTheResolvedStore::test_a_bare_store_false_has_no_column[Image]
ERROR tests/unit/orm/test_bare_store_false_declaration.py::TestTheRouterReadsTheResolvedStore::test_a_bare_store_false_has_no_column[PropertiesDefinition]
ERROR tests/unit/orm/test_bare_store_false_declaration.py::TestTheRouterReadsTheResolvedStore::test_the_many_to_many_does_not_need_its_comodel
ERROR tests/unit/orm/test_bare_store_false_declaration.py::TestTheRouterReadsTheResolvedStore::test_the_properties_field_has_no_column_either
ERROR tests/unit/orm/test_bare_store_false_declaration.py::TestTheColumnBranchStillExists::test_without_the_declaration_the_field_keeps_its_column[Html]
ERROR tests/unit/orm/test_bare_store_false_declaration.py::TestTheColumnBranchStillExists::test_without_the_declaration_the_field_keeps_its_column[Binary]
ERROR tests/unit/orm/test_bare_store_false_declaration.py::TestTheColumnBranchStillExists::test_without_the_declaration_the_field_keeps_its_column[Image]
ERROR tests/unit/orm/test_bare_store_false_declaration.py::TestTheColumnBranchStillExists::test_without_the_declaration_the_field_keeps_its_column[PropertiesDefinition]
ERROR tests/unit/orm/test_bare_store_false_declaration.py::TestTheColumnBranchStillExists::test_an_explicit_store_true_keeps_its_column
ERROR tests/unit/orm/test_bare_store_false_declaration.py::TestTheDeclarationSurvivesInTheField::test_the_compute_is_kept
ERROR tests/unit/orm/test_bare_store_false_declaration.py::TestTheDeclarationSurvivesInTheField::test_the_store_is_false
ERROR tests/unit/orm/test_bare_store_false_declaration.py::TestTheExclusionSurvivesTheRouter::test_the_many_to_one_still_refuses_the_contradiction
ERROR tests/unit/orm/test_bare_store_false_declaration.py::TestTheExclusionSurvivesTheRouter::test_the_html_field_refuses_it_too
ERROR tests/unit/orm/test_bare_store_false_declaration.py::TestTheExclusionSurvivesTheRouter::test_the_company_dependent_branch_still_exists
ERROR tests/unit/orm/test_base_model_recordset.py::TestBaseModelIsTheBaseTheModelsDeriveFrom::test_base_model_is_an_abstract_django_model
ERROR tests/unit/orm/test_base_model_recordset.py::TestBaseModelIsTheBaseTheModelsDeriveFrom::test_a_recordset_is_not_a_queryset
ERROR tests/unit/orm/test_base_model_recordset.py::TestBaseModelIsTheBaseTheModelsDeriveFrom::test_the_three_slots_of_the_reference_are_present
ERROR tests/unit/orm/test_base_model_recordset.py::TestBaseModelIsTheBaseTheModelsDeriveFrom::test_from_ids_does_not_go_through_django_row_construction
ERROR tests/unit/orm/test_base_model_recordset.py::TestBrowse::test_no_argument_gives_the_empty_tuple
ERROR tests/unit/orm/test_base_model_recordset.py::TestBrowse::test_a_bare_int_becomes_a_one_tuple
ERROR tests/unit/orm/test_base_model_recordset.py::TestBrowse::test_an_iterable_becomes_a_tuple_in_its_own_order
ERROR tests/unit/orm/test_base_model_recordset.py::TestBrowse::test_a_nonexistent_id_survives_in_ids
ERROR tests/unit/orm/test_base_model_recordset.py::TestBrowse::test_a_repeated_id_survives
ERROR tests/unit/orm/test_base_model_recordset.py::TestBrowse::test_prefetch_is_the_same_object_as_ids
ERROR tests/unit/orm/test_base_model_recordset.py::TestBrowse::test_browse_keeps_the_environment
ERROR tests/unit/orm/test_base_model_recordset.py::TestTruthAndSize::test_bool_is_false_when_empty
ERROR tests/unit/orm/test_base_model_recordset.py::TestTruthAndSize::test_bool_is_true_when_populated
ERROR tests/unit/orm/test_base_model_recordset.py::TestTruthAndSize::test_len_is_the_size_of_ids
ERROR tests/unit/orm/test_base_model_recordset.py::TestEnsureOne::test_a_singleton_returns_itself
ERROR tests/unit/orm/test_base_model_recordset.py::TestEnsureOne::test_more_than_one_raises_value_error
ERROR tests/unit/orm/test_base_model_recordset.py::TestEnsureOne::test_empty_also_raises
ERROR tests/unit/orm/test_base_model_recordset.py::TestIteration::test_empty_yields_nothing
ERROR tests/unit/orm/test_base_model_recordset.py::TestIteration::test_a_singleton_yields_itself_identically
ERROR tests/unit/orm/test_base_model_recordset.py::TestIteration::test_each_yielded_item_is_a_singleton_recordset
ERROR tests/unit/orm/test_base_model_recordset.py::TestIteration::test_the_order_is_the_order_of_ids
ERROR tests/unit/orm/test_base_model_recordset.py::TestIteration::test_below_the_cut_every_record_shares_the_prefetch_object
ERROR tests/unit/orm/test_base_model_recordset.py::TestIteration::test_above_the_cut_the_prefetch_is_split
ERROR tests/unit/orm/test_base_model_recordset.py::TestMembership::test_a_record_of_the_same_model_is_in_the_set
ERROR tests/unit/orm/test_base_model_recordset.py::TestMembership::test_a_record_not_in_the_set_is_not
ERROR tests/unit/orm/test_base_model_recordset.py::TestMembership::test_a_field_name_is_looked_up_in_fields
ERROR tests/unit/orm/test_base_model_recordset.py::TestMembership::test_a_record_of_another_model_raises
ERROR tests/unit/orm/test_base_model_recordset.py::TestMembership::test_an_unsupported_operand_raises
ERROR tests/unit/orm/test_base_model_recordset.py::TestSetOperations::test_concat_keeps_duplicates_and_order
ERROR tests/unit/orm/test_base_model_recordset.py::TestSetOperations::test_add_is_concat
ERROR tests/unit/orm/test_base_model_recordset.py::TestSetOperations::test_union_deduplicates_preserving_first_occurrence
ERROR tests/unit/orm/test_base_model_recordset.py::TestSetOperations::test_or_is_union
ERROR tests/unit/orm/test_base_model_recordset.py::TestSetOperations::test_sub_preserves_order_of_the_left_side
ERROR tests/unit/orm/test_base_model_recordset.py::TestSetOperations::test_and_preserves_first_occurrence_order
ERROR tests/unit/orm/test_base_model_recordset.py::TestSetOperations::test_a_mismatched_model_raises[__add__]
ERROR tests/unit/orm/test_base_model_recordset.py::TestSetOperations::test_a_mismatched_model_raises[__sub__]
ERROR tests/unit/orm/test_base_model_recordset.py::TestSetOperations::test_a_mismatched_model_raises[__and__]
ERROR tests/unit/orm/test_base_model_recordset.py::TestSetOperations::test_a_mismatched_model_raises[__or__]
ERROR tests/unit/orm/test_base_model_recordset.py::TestIdentity::test_equality_ignores_order
ERROR tests/unit/orm/test_base_model_recordset.py::TestIdentity::test_equality_ignores_repetition
ERROR tests/unit/orm/test_base_model_recordset.py::TestIdentity::test_a_different_model_is_not_equal
ERROR tests/unit/orm/test_base_model_recordset.py::TestIdentity::test_hash_ignores_order
ERROR tests/unit/orm/test_base_model_recordset.py::TestIdentity::test_lt_compares_as_sets
ERROR tests/unit/orm/test_base_model_recordset.py::TestIdentity::test_le_is_true_for_the_empty_recordset
ERROR tests/unit/orm/test_base_model_recordset.py::TestIdentity::test_le_is_true_for_a_singleton_the_other_contains
ERROR tests/unit/orm/test_base_model_recordset.py::TestIdentity::test_le_is_true_for_equal_sets_by_the_set_path
ERROR tests/unit/orm/test_base_model_recordset.py::TestIdentity::test_le_is_false_when_it_is_not_a_subset
ERROR tests/unit/orm/test_base_model_recordset.py::TestIdentity::test_gt_is_a_strict_superset
ERROR tests/unit/orm/test_base_model_recordset.py::TestIdentity::test_gt_is_false_for_equal_sets
ERROR tests/unit/orm/test_base_model_recordset.py::TestIdentity::test_ge_is_true_against_the_empty_recordset
ERROR tests/unit/orm/test_base_model_recordset.py::TestIdentity::test_ge_is_true_for_a_singleton_it_contains
ERROR tests/unit/orm/test_base_model_recordset.py::TestIdentity::test_ge_is_true_for_equal_sets_by_the_set_path
ERROR tests/unit/orm/test_base_model_recordset.py::TestIdentity::test_ge_is_false_when_it_is_not_a_superset
ERROR tests/unit/orm/test_base_model_recordset.py::TestIdentity::test_the_four_comparisons_refuse_another_model
ERROR tests/unit/orm/test_base_model_recordset.py::TestIdentity::test_the_four_comparisons_are_declared_here_not_inherited
ERROR tests/unit/orm/test_base_model_recordset.py::TestIdentity::test_repr_is_name_then_ids
ERROR tests/unit/orm/test_base_model_recordset.py::TestIdentity::test_str_of_a_multi_recordset_is_its_repr
ERROR tests/unit/orm/test_base_model_recordset.py::TestIdentity::test_int_of_a_singleton_is_its_id
ERROR tests/unit/orm/test_base_model_recordset.py::TestIdentity::test_ids_property_is_a_list
ERROR tests/unit/orm/test_base_model_recordset.py::TestIndexing::test_an_int_index_gives_a_singleton
ERROR tests/unit/orm/test_base_model_recordset.py::TestIndexing::test_a_slice_gives_a_subset
ERROR tests/unit/orm/test_base_model_recordset.py::TestIndexing::test_a_string_key_reads_the_field
ERROR tests/unit/orm/test_base_model_recordset.py::TestEnvironmentDerivation::test_with_env_keeps_ids_and_prefetch
ERROR tests/unit/orm/test_base_model_recordset.py::TestEnvironmentDerivation::test_with_context_derives_the_environment
ERROR tests/unit/orm/test_base_model_recordset.py::TestEnvironmentDerivation::test_with_prefetch_defaults_to_own_ids
ERROR tests/unit/orm/test_base_model_recordset.py::TestEnvironmentDerivation::test_with_prefetch_accepts_a_wider_set
ERROR tests/unit/orm/test_base_model_recordset.py::TestEnvironmentDerivation::test_sudo_returns_self_when_the_flag_already_matches
ERROR tests/unit/orm/test_base_model_recordset.py::TestEnvironmentDerivation::test_sudo_rejects_a_non_boolean
ERROR tests/unit/orm/test_base_model_recordset.py::TestProjection::test_filtered_keeps_order_and_returns_a_recordset
ERROR tests/unit/orm/test_base_model_recordset.py::TestProjection::test_an_empty_function_returns_self
ERROR tests/unit/orm/test_base_model_recordset.py::TestProjection::test_mapped_with_an_empty_path_returns_self
ERROR tests/unit/orm/test_base_model_recordset.py::TestProjection::test_sorted_below_two_returns_self
ERROR tests/unit/orm/test_base_model_recordset.py::TestProjection::test_sorted_by_key_reorders_the_ids
ERROR tests/unit/orm/test_base_model_recordset.py::TestProjection::test_grouped_returns_recordsets_sharing_the_prefetch
ERROR tests/unit/orm/test_base_model_recordset.py::TestExistsIsNotTheDjangoHomonym::test_exists_returns_a_recordset_not_a_bool
ERROR tests/unit/orm/test_base_model_recordset.py::TestOriginAndCache::test_origin_of_real_records_is_self
ERROR tests/unit/orm/test_base_model_recordset.py::TestOriginAndCache::test_cache_is_a_mapping_view
ERROR tests/unit/orm/test_checks_irresolvable_fk.py::TestDanglingForeignKeyIsDetected::test_fk_to_undeclared_model_raises_e300
ERROR tests/unit/orm/test_checks_irresolvable_fk.py::TestDanglingForeignKeyIsDetected::test_e307_lazy_reference_is_a_global_registry_check_not_isolated
ERROR tests/unit/orm/test_checks_irresolvable_fk.py::TestResolvableForeignKeyIsNotFlagged::test_real_resolvable_fk_has_no_dangling_error
ERROR tests/unit/orm/test_checks_irresolvable_fk.py::TestCollectSystemCheckSummary::test_current_tree_has_zero_dangling_fk_errors
ERROR tests/unit/orm/test_checks_irresolvable_fk.py::TestCollectSystemCheckSummary::test_run_checks_or_raise_passes_clean_tree
ERROR tests/unit/orm/test_checks_irresolvable_fk.py::TestCallCommandWithChecksEnforcesTheFlag::test_default_forces_skip_checks_false
ERROR tests/unit/orm/test_checks_irresolvable_fk.py::TestCallCommandWithChecksEnforcesTheFlag::test_explicit_skip_checks_true_is_respected
ERROR tests/unit/orm/test_comodel_name_contract.py::TestTheNameIsWritableAsTheSourceDeclaresIt::test_setattr_lands_on_the_instance
ERROR tests/unit/orm/test_comodel_name_contract.py::TestTheNameIsWritableAsTheSourceDeclaresIt::test_the_class_attribute_is_not_a_data_descriptor
ERROR tests/unit/orm/test_comodel_name_contract.py::TestTheNameIsWritableAsTheSourceDeclaresIt::test_an_explicit_value_wins_over_the_derivation
ERROR tests/unit/orm/test_comodel_name_contract.py::TestTheDerivationSurvives::test_a_relational_field_without_a_value_derives_its_comodel
ERROR tests/unit/orm/test_comodel_name_contract.py::TestTheDerivationSurvives::test_a_non_relational_field_has_no_comodel
ERROR tests/unit/orm/test_comodel_name_contract.py::TestTheCopyLoopOfSetupRelatedCanRun::test_the_related_attrs_table_can_be_written_one_by_one
ERROR tests/unit/orm/test_company_dependent.py::TestDispatcher::test_plain_char_is_still_a_django_char_field
ERROR tests/unit/orm/test_company_dependent.py::TestDispatcher::test_store_false_is_still_non_stored
ERROR tests/unit/orm/test_company_dependent.py::TestDispatcher::test_company_dependent_returns_the_new_class
ERROR tests/unit/orm/test_company_dependent.py::TestDispatcher::test_company_dependent_declares_the_reference_attribute
ERROR tests/unit/orm/test_company_dependent.py::TestDispatcher::test_a_plain_field_does_not_declare_the_attribute_as_true
ERROR tests/unit/orm/test_company_dependent.py::TestDispatcher::test_store_false_and_company_dependent_are_exclusive
ERROR tests/unit/orm/test_company_dependent.py::TestDispatcher::test_translate_and_company_dependent_are_exclusive
ERROR tests/unit/orm/test_company_dependent.py::TestDispatcher::test_required_and_company_dependent_are_exclusive
ERROR tests/unit/orm/test_company_dependent.py::TestFieldHeader::test_the_allowed_types_match_the_reference
ERROR tests/unit/orm/test_company_dependent.py::TestFieldHeader::test_a_type_outside_the_list_is_rejected
ERROR tests/unit/orm/test_company_dependent.py::TestFieldHeader::test_every_allowed_type_has_its_sql_cast[char-varchar]
ERROR tests/unit/orm/test_company_dependent.py::TestFieldHeader::test_every_allowed_type_has_its_sql_cast[text-text]
ERROR tests/unit/orm/test_company_dependent.py::TestFieldHeader::test_every_allowed_type_has_its_sql_cast[integer-integer]
ERROR tests/unit/orm/test_company_dependent.py::TestFieldHeader::test_every_allowed_type_has_its_sql_cast[float-double precision]
ERROR tests/unit/orm/test_company_dependent.py::TestFieldHeader::test_every_allowed_type_has_its_sql_cast[boolean-boolean]
ERROR tests/unit/orm/test_company_dependent.py::TestFieldHeader::test_every_allowed_type_has_its_sql_cast[date-date]
ERROR tests/unit/orm/test_company_dependent.py::TestFieldHeader::test_every_allowed_type_has_its_sql_cast[datetime-timestamp]
ERROR tests/unit/orm/test_company_dependent.py::TestFieldHeader::test_every_allowed_type_has_its_sql_cast[many2one-integer]
ERROR tests/unit/orm/test_company_dependent.py::TestFieldHeader::test_every_allowed_type_has_its_sql_cast[selection-varchar]
ERROR tests/unit/orm/test_company_dependent.py::TestFieldHeader::test_every_allowed_type_has_its_sql_cast[html-text]
ERROR tests/unit/orm/test_company_dependent.py::TestFieldHeader::test_the_column_is_jsonb_like_the_reference
ERROR tests/unit/orm/test_company_dependent.py::TestFieldHeader::test_deconstruct_carries_the_base_type_when_it_is_not_the_default
ERROR tests/unit/orm/test_company_dependent.py::TestFieldHeader::test_deconstruct_omits_the_base_type_when_it_is_the_default
ERROR tests/unit/orm/test_company_dependent.py::TestFieldHeader::test_deconstruct_carries_the_comodel_of_a_many2one
ERROR tests/unit/orm/test_company_dependent.py::TestRawValueGuard::test_a_scalar_is_rejected_by_get_prep_value
ERROR tests/unit/orm/test_company_dependent.py::TestRawValueGuard::test_a_mapping_passes_through_unserialised
ERROR tests/unit/orm/test_company_dependent.py::TestRawValueGuard::test_none_stays_none
ERROR tests/unit/orm/test_company_dependent.py::TestTenDispatchers::test_the_keyword_returns_a_company_dependent[Char-char-CharField]
ERROR tests/unit/orm/test_company_dependent.py::TestTenDispatchers::test_the_keyword_returns_a_company_dependent[Text-text-TextField]
ERROR tests/unit/orm/test_company_dependent.py::TestTenDispatchers::test_the_keyword_returns_a_company_dependent[Html-html-TextField]
ERROR tests/unit/orm/test_company_dependent.py::TestTenDispatchers::test_the_keyword_returns_a_company_dependent[Integer-integer-IntegerField]
ERROR tests/unit/orm/test_company_dependent.py::TestTenDispatchers::test_the_keyword_returns_a_company_dependent[Float-float-FloatField]
ERROR tests/unit/orm/test_company_dependent.py::TestTenDispatchers::test_the_keyword_returns_a_company_dependent[Boolean-boolean-BooleanField]
ERROR tests/unit/orm/test_company_dependent.py::TestTenDispatchers::test_the_keyword_returns_a_company_dependent[Date-date-DateField]
ERROR tests/unit/orm/test_company_dependent.py::TestTenDispatchers::test_the_keyword_returns_a_company_dependent[Datetime-datetime-DateTimeField]
ERROR tests/unit/orm/test_company_dependent.py::TestTenDispatchers::test_the_keyword_returns_a_company_dependent[Selection-selection-CharField]
ERROR tests/unit/orm/test_company_dependent.py::TestTenDispatchers::test_the_base_type_is_the_one_of_the_declared_field[Char-char-CharField]
ERROR tests/unit/orm/test_company_dependent.py::TestTenDispatchers::test_the_base_type_is_the_one_of_the_declared_field[Text-text-TextField]
ERROR tests/unit/orm/test_company_dependent.py::TestTenDispatchers::test_the_base_type_is_the_one_of_the_declared_field[Html-html-TextField]
ERROR tests/unit/orm/test_company_dependent.py::TestTenDispatchers::test_the_base_type_is_the_one_of_the_declared_field[Integer-integer-IntegerField]
ERROR tests/unit/orm/test_company_dependent.py::TestTenDispatchers::test_the_base_type_is_the_one_of_the_declared_field[Float-float-FloatField]
ERROR tests/unit/orm/test_company_dependent.py::TestTenDispatchers::test_the_base_type_is_the_one_of_the_declared_field[Boolean-boolean-BooleanField]
ERROR tests/unit/orm/test_company_dependent.py::TestTenDispatchers::test_the_base_type_is_the_one_of_the_declared_field[Date-date-DateField]
ERROR tests/unit/orm/test_company_dependent.py::TestTenDispatchers::test_the_base_type_is_the_one_of_the_declared_field[Datetime-datetime-DateTimeField]
ERROR tests/unit/orm/test_company_dependent.py::TestTenDispatchers::test_the_base_type_is_the_one_of_the_declared_field[Selection-selection-CharField]
ERROR tests/unit/orm/test_company_dependent.py::TestTenDispatchers::test_without_the_keyword_the_field_is_the_django_one_of_before[Char-char-CharField]
ERROR tests/unit/orm/test_company_dependent.py::TestTenDispatchers::test_without_the_keyword_the_field_is_the_django_one_of_before[Text-text-TextField]
ERROR tests/unit/orm/test_company_dependent.py::TestTenDispatchers::test_without_the_keyword_the_field_is_the_django_one_of_before[Html-html-TextField]
ERROR tests/unit/orm/test_company_dependent.py::TestTenDispatchers::test_without_the_keyword_the_field_is_the_django_one_of_before[Integer-integer-IntegerField]
ERROR tests/unit/orm/test_company_dependent.py::TestTenDispatchers::test_without_the_keyword_the_field_is_the_django_one_of_before[Float-float-FloatField]
ERROR tests/unit/orm/test_company_dependent.py::TestTenDispatchers::test_without_the_keyword_the_field_is_the_django_one_of_before[Boolean-boolean-BooleanField]
ERROR tests/unit/orm/test_company_dependent.py::TestTenDispatchers::test_without_the_keyword_the_field_is_the_django_one_of_before[Date-date-DateField]
ERROR tests/unit/orm/test_company_dependent.py::TestTenDispatchers::test_without_the_keyword_the_field_is_the_django_one_of_before[Datetime-datetime-DateTimeField]
ERROR tests/unit/orm/test_company_dependent.py::TestTenDispatchers::test_without_the_keyword_the_field_is_the_django_one_of_before[Selection-selection-CharField]
ERROR tests/unit/orm/test_company_dependent.py::TestTenDispatchers::test_the_ten_cover_the_closed_list_of_the_reference
ERROR tests/unit/orm/test_company_dependent.py::TestTenDispatchers::test_html_keeps_its_type_identity
ERROR tests/unit/orm/test_company_dependent.py::TestTenDispatchers::test_a_company_dependent_html_is_no_longer_an_html_instance
ERROR tests/unit/orm/test_company_dependent.py::TestTenDispatchers::test_the_factory_rejects_a_type_outside_the_closed_list
ERROR tests/unit/orm/test_company_dependent.py::TestTenDispatchers::test_the_dispatcher_keeps_its_public_name
ERROR tests/unit/orm/test_company_dependent.py::TestMany2oneDispatcher::test_the_keyword_returns_a_company_dependent
ERROR tests/unit/orm/test_company_dependent.py::TestMany2oneDispatcher::test_the_comodel_is_kept_from_a_string
ERROR tests/unit/orm/test_company_dependent.py::TestMany2oneDispatcher::test_the_comodel_is_kept_from_a_class
ERROR tests/unit/orm/test_company_dependent.py::TestMany2oneDispatcher::test_without_a_target_it_refuses
ERROR tests/unit/orm/test_company_dependent.py::TestMany2oneDispatcher::test_the_foreign_key_only_arguments_are_dropped
ERROR tests/unit/orm/test_company_dependent.py::TestMany2oneDispatcher::test_the_positional_on_delete_is_dropped_too
ERROR tests/unit/orm/test_company_dependent.py::TestMany2oneDispatcher::test_store_false_and_company_dependent_are_exclusive
ERROR tests/unit/orm/test_company_dependent.py::TestMany2oneDispatcher::test_without_the_keyword_it_is_still_a_foreign_key
ERROR tests/unit/orm/test_company_dependent.py::TestABareStoreFalseGivesANonStoredField::test_integer_without_store_is_the_plain_django_field
ERROR tests/unit/orm/test_company_dependent.py::TestABareStoreFalseGivesANonStoredField::test_integer_with_store_false_is_non_stored
ERROR tests/unit/orm/test_company_dependent.py::TestABareStoreFalseGivesANonStoredField::test_float_with_store_false_is_non_stored
ERROR tests/unit/orm/test_company_dependent.py::TestABareStoreFalseGivesANonStoredField::test_store_true_keeps_the_column
ERROR tests/unit/orm/test_compute_declaration.py::TestTheComputeVocabularyIsAccepted::test_the_declaration_builds_a_field[kwargs0]
ERROR tests/unit/orm/test_compute_declaration.py::TestTheComputeVocabularyIsAccepted::test_the_declaration_builds_a_field[kwargs1]
ERROR tests/unit/orm/test_compute_declaration.py::TestTheComputeVocabularyIsAccepted::test_the_declaration_builds_a_field[kwargs2]
ERROR tests/unit/orm/test_compute_declaration.py::TestTheComputeVocabularyIsAccepted::test_the_declaration_builds_a_field[kwargs3]
ERROR tests/unit/orm/test_compute_declaration.py::TestTheComputeVocabularyIsAccepted::test_the_declaration_builds_a_field[kwargs4]
ERROR tests/unit/orm/test_compute_declaration.py::TestTheComputeVocabularyIsAccepted::test_the_declaration_builds_a_field[kwargs5]
ERROR tests/unit/orm/test_compute_declaration.py::TestTheComputeVocabularyIsAccepted::test_the_declared_method_survives_on_the_field
ERROR tests/unit/orm/test_compute_declaration.py::TestTheComputeVocabularyIsAccepted::test_the_inverse_survives_on_the_field
ERROR tests/unit/orm/test_compute_declaration.py::TestTheComputeVocabularyIsAccepted::test_recursive_survives_on_the_field
ERROR tests/unit/orm/test_compute_declaration.py::TestTheDefaultsFollowTheSource::test_a_computed_field_has_no_column_by_default
ERROR tests/unit/orm/test_compute_declaration.py::TestTheDefaultsFollowTheSource::test_store_true_gives_a_column
ERROR tests/unit/orm/test_compute_declaration.py::TestTheDefaultsFollowTheSource::test_compute_sudo_defaults_to_store
ERROR tests/unit/orm/test_compute_declaration.py::TestTheDefaultsFollowTheSource::test_the_declared_compute_sudo_wins
ERROR tests/unit/orm/test_compute_declaration.py::TestTheDefaultsFollowTheSource::test_a_computed_field_is_readonly_without_inverse
ERROR tests/unit/orm/test_compute_declaration.py::TestTheDefaultsFollowTheSource::test_an_inversible_computed_field_is_not_readonly
ERROR tests/unit/orm/test_compute_declaration.py::TestTheDefaultsFollowTheSource::test_a_computed_field_is_not_copied
ERROR tests/unit/orm/test_compute_declaration.py::TestTheDefaultsFollowTheSource::test_a_stored_writable_computed_field_keeps_the_copy_default
ERROR tests/unit/orm/test_compute_declaration.py::TestPrecomputeWarnsWhereItHasNoEffect::test_precompute_without_compute_warns_and_turns_off
ERROR tests/unit/orm/test_compute_declaration.py::TestPrecomputeWarnsWhereItHasNoEffect::test_precompute_without_store_warns_and_turns_off
ERROR tests/unit/orm/test_compute_declaration.py::TestPrecomputeWarnsWhereItHasNoEffect::test_precompute_with_compute_and_store_survives
ERROR tests/unit/orm/test_compute_declaration.py::TestTheEndpointContract::test_a_readonly_computed_field_is_not_editable
ERROR tests/unit/orm/test_compute_declaration.py::TestTheEndpointContract::test_an_inversible_computed_field_stays_editable
ERROR tests/unit/orm/test_compute_declaration.py::TestTheJoinThatUnblocksTheEngine::test_field_depends_resolves_when_both_halves_are_declared
ERROR tests/unit/orm/test_compute_wiring.py::TestTheDeclarationReachesTheGraph::test_every_declared_dependency_resolves
ERROR tests/unit/orm/test_compute_wiring.py::TestTheDeclarationReachesTheGraph::test_a_line_price_reaches_the_line_totals
ERROR tests/unit/orm/test_compute_wiring.py::TestTheDeclarationReachesTheGraph::test_a_line_price_reaches_the_ORDER_totals_through_the_relation
ERROR tests/unit/orm/test_compute_wiring.py::TestTheDeclarationReachesTheGraph::test_the_partner_of_a_lead_reaches_its_derived_fields
ERROR tests/unit/orm/test_compute_wiring.py::TestTheDeclarationReachesTheGraph::test_a_field_nobody_computes_from_has_no_dependents
ERROR tests/unit/orm/test_compute_wiring.py::TestTheWiringIsStoredAndNotEditable::test_it_keeps_its_column[AccountMoveLine-balance]
ERROR tests/unit/orm/test_compute_wiring.py::TestTheWiringIsStoredAndNotEditable::test_it_keeps_its_column[SaleOrder-amount_total]
ERROR tests/unit/orm/test_compute_wiring.py::TestTheWiringIsStoredAndNotEditable::test_it_keeps_its_column[SaleOrderLine-price_subtotal]
ERROR tests/unit/orm/test_compute_wiring.py::TestTheWiringIsStoredAndNotEditable::test_it_keeps_its_column[CrmLead-email_from]
ERROR tests/unit/orm/test_compute_wiring.py::TestTheWiringIsStoredAndNotEditable::test_the_one_the_source_leaves_readonly_is_not_editable[SaleOrder-amount_total]
ERROR tests/unit/orm/test_compute_wiring.py::TestTheWiringIsStoredAndNotEditable::test_the_one_the_source_leaves_readonly_is_not_editable[SaleOrder-amount_untaxed]
ERROR tests/unit/orm/test_compute_wiring.py::TestTheWiringIsStoredAndNotEditable::test_the_one_the_source_leaves_readonly_is_not_editable[SaleOrderLine-price_subtotal]
ERROR tests/unit/orm/test_compute_wiring.py::TestTheWiringIsStoredAndNotEditable::test_the_one_the_source_leaves_readonly_is_not_editable[CrmLead-date_open]
ERROR tests/unit/orm/test_compute_wiring.py::TestTheWiringIsStoredAndNotEditable::test_the_one_the_source_leaves_readonly_is_not_editable[CrmLead-won_status]
ERROR tests/unit/orm/test_compute_wiring.py::TestTheWiringIsStoredAndNotEditable::test_the_one_the_source_declares_writable_stays_editable[AccountMoveLine-balance]
ERROR tests/unit/orm/test_compute_wiring.py::TestTheWiringIsStoredAndNotEditable::test_the_one_the_source_declares_writable_stays_editable[AccountAccount-account_type]
ERROR tests/unit/orm/test_compute_wiring.py::TestTheWiringIsStoredAndNotEditable::test_the_one_the_source_declares_writable_stays_editable[SaleOrder-validity_date]
ERROR tests/unit/orm/test_compute_wiring.py::TestTheWiringIsStoredAndNotEditable::test_the_one_the_source_declares_writable_stays_editable[CrmLead-name]
ERROR tests/unit/orm/test_compute_wiring.py::TestTheWiringIsStoredAndNotEditable::test_the_one_the_source_declares_writable_stays_editable[CrmLead-contact_name]
ERROR tests/unit/orm/test_compute_wiring.py::TestTheWiringIsStoredAndNotEditable::test_the_one_the_source_declares_writable_stays_editable[CrmLead-email_from]
ERROR tests/unit/orm/test_compute_wiring.py::TestTheWiringIsStoredAndNotEditable::test_the_one_the_source_declares_writable_stays_editable[CrmLead-phone]
ERROR tests/unit/orm/test_compute_wiring.py::TestTheWiringIsStoredAndNotEditable::test_the_two_with_an_inverse_declare_it[CrmLead-email_from-_inverse_email_from]
ERROR tests/unit/orm/test_compute_wiring.py::TestTheWiringIsStoredAndNotEditable::test_the_two_with_an_inverse_declare_it[CrmLead-phone-_inverse_phone]
ERROR tests/unit/orm/test_compute_wiring.py::TestTheWiringIsStoredAndNotEditable::test_the_nine_the_source_precomputes_declare_it[AccountAccount-account_type]
ERROR tests/unit/orm/test_compute_wiring.py::TestTheWiringIsStoredAndNotEditable::test_the_nine_the_source_precomputes_declare_it[AccountMoveLine-balance]
ERROR tests/unit/orm/test_compute_wiring.py::TestTheWiringIsStoredAndNotEditable::test_the_nine_the_source_precomputes_declare_it[SaleOrder-validity_date]
ERROR tests/unit/orm/test_compute_wiring.py::TestTheWiringIsStoredAndNotEditable::test_the_nine_the_source_precomputes_declare_it[SaleOrderLine-price_subtotal]
ERROR tests/unit/orm/test_compute_wiring.py::TestTheWiringIsStoredAndNotEditable::test_the_nine_the_source_precomputes_declare_it[CrmLead-team_id]
ERROR tests/unit/orm/test_copy.py::TestFieldCopyFlag::test_a_field_copies_by_default
ERROR tests/unit/orm/test_copy.py::TestFieldCopyFlag::test_a_field_can_opt_out
ERROR tests/unit/orm/test_copy.py::TestFieldCopyFlag::test_the_flag_does_not_reach_the_migration
ERROR tests/unit/orm/test_copy.py::TestMagicColumns::test_the_id_is_magic - K...
ERROR tests/unit/orm/test_copy.py::TestMagicColumns::test_the_audit_columns_are_the_log_access_ones
ERROR tests/unit/orm/test_declared_source_vocabulary.py::TestTheDeclarationLandsOnAPlainField::test_it_keeps_the_declared_value[readonly-True-False]
ERROR tests/unit/orm/test_declared_source_vocabulary.py::TestTheDeclarationLandsOnAPlainField::test_it_keeps_the_declared_value[compute_sudo-True-False]
ERROR tests/unit/orm/test_declared_source_vocabulary.py::TestTheDeclarationLandsOnAPlainField::test_it_keeps_the_declared_value[inverse-_inverse_label-None]
ERROR tests/unit/orm/test_declared_source_vocabulary.py::TestTheDeclarationLandsOnAPlainField::test_it_keeps_the_declared_value[recursive-True-False]
ERROR tests/unit/orm/test_declared_source_vocabulary.py::TestTheDeclarationLandsOnAPlainField::test_the_case_discriminates_from_the_class_default[readonly-True-False]
ERROR tests/unit/orm/test_declared_source_vocabulary.py::TestTheDeclarationLandsOnAPlainField::test_the_case_discriminates_from_the_class_default[compute_sudo-True-False]
ERROR tests/unit/orm/test_declared_source_vocabulary.py::TestTheDeclarationLandsOnAPlainField::test_the_case_discriminates_from_the_class_default[inverse-_inverse_label-None]
ERROR tests/unit/orm/test_declared_source_vocabulary.py::TestTheDeclarationLandsOnAPlainField::test_the_case_discriminates_from_the_class_default[recursive-True-False]
ERROR tests/unit/orm/test_declared_source_vocabulary.py::TestTheDeclarationLandsOnAPlainField::test_a_plain_field_with_an_inverse_still_has_its_column
ERROR tests/unit/orm/test_declared_source_vocabulary.py::TestItAlsoLandsAfterContributeToClass::test_the_contributed_field_keeps_it[readonly-True-False]
ERROR tests/unit/orm/test_declared_source_vocabulary.py::TestItAlsoLandsAfterContributeToClass::test_the_contributed_field_keeps_it[compute_sudo-True-False]
ERROR tests/unit/orm/test_declared_source_vocabulary.py::TestItAlsoLandsAfterContributeToClass::test_the_contributed_field_keeps_it[inverse-_inverse_label-None]
ERROR tests/unit/orm/test_declared_source_vocabulary.py::TestItAlsoLandsAfterContributeToClass::test_the_contributed_field_keeps_it[recursive-True-False]
ERROR tests/unit/orm/test_declared_source_vocabulary.py::TestTheClassDefaultIsNotStamped::test_an_undeclared_attribute_stays_on_the_class[compute]
ERROR tests/unit/orm/test_declared_source_vocabulary.py::TestTheClassDefaultIsNotStamped::test_an_undeclared_attribute_stays_on_the_class[compute_sudo]
ERROR tests/unit/orm/test_declared_source_vocabulary.py::TestTheClassDefaultIsNotStamped::test_an_undeclared_attribute_stays_on_the_class[inverse]
ERROR tests/unit/orm/test_declared_source_vocabulary.py::TestTheClassDefaultIsNotStamped::test_an_undeclared_attribute_stays_on_the_class[precompute]
ERROR tests/unit/orm/test_declared_source_vocabulary.py::TestTheClassDefaultIsNotStamped::test_an_undeclared_attribute_stays_on_the_class[readonly]
ERROR tests/unit/orm/test_declared_source_vocabulary.py::TestTheClassDefaultIsNotStamped::test_an_undeclared_attribute_stays_on_the_class[recursive]
ERROR tests/unit/orm/test_declared_source_vocabulary.py::TestTheClassDefaultIsNotStamped::test_an_undeclared_attribute_stays_on_the_class[store]
ERROR tests/unit/orm/test_declared_source_vocabulary.py::TestTheClassDefaultIsNotStamped::test_and_the_class_still_answers_the_default[readonly-True-False]
ERROR tests/unit/orm/test_declared_source_vocabulary.py::TestTheClassDefaultIsNotStamped::test_and_the_class_still_answers_the_default[compute_sudo-True-False]
ERROR tests/unit/orm/test_declared_source_vocabulary.py::TestTheClassDefaultIsNotStamped::test_and_the_class_still_answers_the_default[inverse-_inverse_label-None]
ERROR tests/unit/orm/test_declared_source_vocabulary.py::TestTheClassDefaultIsNotStamped::test_and_the_class_still_answers_the_default[recursive-True-False]
ERROR tests/unit/orm/test_declared_source_vocabulary.py::TestTheClassDefaultIsNotStamped::test_the_universe_of_the_control_is_the_measured_one[compute]
ERROR tests/unit/orm/test_declared_source_vocabulary.py::TestTheClassDefaultIsNotStamped::test_the_universe_of_the_control_is_the_measured_one[inverse]
ERROR tests/unit/orm/test_declared_source_vocabulary.py::TestTheClassDefaultIsNotStamped::test_the_universe_of_the_control_is_the_measured_one[precompute]
ERROR tests/unit/orm/test_declared_source_vocabulary.py::TestTheClassDefaultIsNotStamped::test_the_universe_of_the_control_is_the_measured_one[store]
ERROR tests/unit/orm/test_declared_source_vocabulary.py::TestTheContractOfTheEndpointDoesNotMove::test_a_readonly_plain_field_is_not_editable
ERROR tests/unit/orm/test_declared_source_vocabulary.py::TestTheContractOfTheEndpointDoesNotMove::test_and_an_undeclared_one_still_is
ERROR tests/unit/orm/test_declared_source_vocabulary.py::TestTheComputedPathStillWorks::test_a_computed_field_keeps_its_vocabulary
ERROR tests/unit/orm/test_declared_source_vocabulary.py::TestTheComputedPathStillWorks::test_a_related_field_keeps_its_path
ERROR tests/unit/orm/test_default_get.py::TestRecNameResolution::test_a_model_with_name_resolves_to_name
ERROR tests/unit/orm/test_default_get.py::TestRecNameResolution::test_a_model_without_name_gets_the_explicit_none
ERROR tests/unit/orm/test_default_get.py::TestRecNameResolution::test_a_declared_rec_name_survives
ERROR tests/unit/orm/test_default_get.py::TestRecNameResolution::test_the_attname_of_a_relation_counts_as_a_field
ERROR tests/unit/orm/test_default_get.py::TestRecNameResolution::test_an_invalid_rec_name_is_rejected
ERROR tests/unit/orm/test_default_get.py::TestRecNameResolution::test_the_sweep_reports_how_many_it_resolved
ERROR tests/unit/orm/test_default_get.py::TestDelegatedOrigin::test_a_model_without_inherits_delegates_nothing
ERROR tests/unit/orm/test_default_get.py::TestDelegatedOrigin::test_the_users_delegation_resolves_to_the_partner
ERROR tests/unit/orm/test_default_get.py::TestDelegatedOrigin::test_a_field_the_parent_does_not_have_is_not_delegated
ERROR tests/unit/orm/test_default_get.py::TestDelegatedOrigin::test_field_names_includes_the_parents
ERROR tests/unit/orm/test_default_get.py::TestDelegatedOrigin::test_field_names_excludes_the_reverse_relations
ERROR tests/unit/orm/test_deferred_model_name.py::TestThePositiveThatM18Measured::test_a_two_dot_name_no_longer_breaks_the_class_body
ERROR tests/unit/orm/test_deferred_model_name.py::TestThePositiveThatM18Measured::test_the_source_name_survives_on_the_field
ERROR tests/unit/orm/test_deferred_model_name.py::TestThePositiveThatM18Measured::test_related_model_resolves_to_the_class
ERROR tests/unit/orm/test_deferred_model_name.py::TestTheSentinelNeverReachesAMigration::test_deconstruct_emits_the_real_label
ERROR tests/unit/orm/test_deferred_model_name.py::TestTheSentinelNeverReachesAMigration::test_no_sentinel_key_of_a_registered_name_is_left_pending
ERROR tests/unit/orm/test_deferred_model_name.py::TestTheOrderOfDeclarationHasTwoCases::test_target_first_resolves_at_construction
ERROR tests/unit/orm/test_deferred_model_name.py::TestTheOrderOfDeclarationHasTwoCases::test_referrer_first_resolves_when_the_target_is_prepared
ERROR tests/unit/orm/test_deferred_model_name.py::TestTheOrderOfDeclarationHasTwoCases::test_self_reference_resolves_on_its_own_class_prepared
ERROR tests/unit/orm/test_deferred_model_name.py::TestWhatWasAlreadyWorkingStaysWorking::test_the_django_label_is_untouched
ERROR tests/unit/orm/test_deferred_model_name.py::TestWhatWasAlreadyWorkingStaysWorking::test_a_model_class_is_untouched
ERROR tests/unit/orm/test_deferred_model_name.py::TestWhatWasAlreadyWorkingStaysWorking::test_the_recursive_constant_is_untouched
ERROR tests/unit/orm/test_deferred_model_name.py::TestWhatWasAlreadyWorkingStaysWorking::test_the_django_label_in_lowercase_is_untouched
ERROR tests/unit/orm/test_deferred_model_name.py::TestTheSentinelLabelIsLegalAndUnambiguous::test_the_sentinel_app_label_is_not_installed
ERROR tests/unit/orm/test_deferred_model_name.py::TestTheSentinelLabelIsLegalAndUnambiguous::test_the_sentinel_is_what_make_model_tuple_would_derive
ERROR tests/unit/orm/test_deferred_model_name.py::TestTheSentinelLabelIsLegalAndUnambiguous::test_every_dotted_name_collapses_to_one_segment[ir.model.fields]
ERROR tests/unit/orm/test_deferred_model_name.py::TestTheSentinelLabelIsLegalAndUnambiguous::test_every_dotted_name_collapses_to_one_segment[ir.model]
ERROR tests/unit/orm/test_deferred_model_name.py::TestTheSentinelLabelIsLegalAndUnambiguous::test_every_dotted_name_collapses_to_one_segment[account.move.line]
ERROR tests/unit/orm/test_determine_inverse.py::TestTheDispatcherExists::test_the_field_declares_it
ERROR tests/unit/orm/test_display_name.py::TestUniversalAdoption::test_no_model_of_ours_is_left_out
ERROR tests/unit/orm/test_display_name.py::TestUniversalAdoption::test_none_declares_it_as_something_other_than_the_field
ERROR tests/unit/orm/test_display_name.py::TestUniversalAdoption::test_a_model_with_the_shared_base_got_it_by_inheritance
ERROR tests/unit/orm/test_display_name.py::TestUniversalAdoption::test_the_five_forms_are_reachable
ERROR tests/unit/orm/test_display_name.py::TestUniversalAdoption::test_third_party_models_are_left_alone
ERROR tests/unit/orm/test_display_name.py::TestTheFieldAdmitsAssignment::test_the_descriptor_is_the_one_of_the_mixin
ERROR tests/unit/orm/test_display_name.py::TestAdoptDisplayNameDiscriminates::test_it_refuses_an_abstract_model
ERROR tests/unit/orm/test_display_name.py::TestAdoptDisplayNameDiscriminates::test_it_refuses_a_third_party_model
ERROR tests/unit/orm/test_display_name.py::TestAdoptDisplayNameDiscriminates::test_it_refuses_one_it_already_has
ERROR tests/unit/orm/test_display_name.py::TestAdoptDisplayNameDiscriminates::test_the_sweep_reports_how_many_it_installed
ERROR tests/unit/orm/test_display_name.py::TestTheGateDiscriminates::test_it_names_a_model_that_declares_display_name_as_a_property
ERROR tests/unit/orm/test_display_name.py::TestTheGateDiscriminates::test_it_names_a_model_missing_one_of_the_five
ERROR tests/unit/orm/test_display_name.py::TestPrefixesStayInSync::test_the_gate_and_the_adopter_share_the_prefixes
ERROR tests/unit/orm/test_domain_any_optimizers.py::TestTheValueBecomesADomain::test_a_list_value_becomes_a_domain
ERROR tests/unit/orm/test_domain_any_optimizers.py::TestTheValueBecomesADomain::test_a_domain_value_is_left_alone
ERROR tests/unit/orm/test_domain_any_optimizers.py::TestAnyOverTheIdCollapses::test_any_over_id_is_the_subdomain
ERROR tests/unit/orm/test_domain_any_optimizers.py::TestAnyOverTheIdCollapses::test_not_any_over_id_is_the_negated_subdomain
ERROR tests/unit/orm/test_domain_any_optimizers.py::TestAnyOverTheIdCollapses::test_a_relational_field_does_NOT_collapse
ERROR tests/unit/orm/test_domain_any_optimizers.py::TestTheSubdomainIsOptimizedAgainstTheComodel::test_the_comodel_resolves_from_the_field
ERROR tests/unit/orm/test_domain_any_optimizers.py::TestTheSubdomainIsOptimizedAgainstTheComodel::test_a_boolean_subdomain_is_optimized_with_the_comodel_rules
ERROR tests/unit/orm/test_domain_any_optimizers.py::TestTheSubdomainIsOptimizedAgainstTheComodel::test_a_field_of_this_model_does_NOT_resolve_in_the_subdomain
ERROR tests/unit/orm/test_domain_any_optimizers.py::TestTheSubdomainIsOptimizedAgainstTheComodel::test_a_field_only_the_comodel_has_DOES_resolve
ERROR tests/unit/orm/test_domain_any_optimizers.py::TestTheSubdomainIsOptimizedAgainstTheComodel::test_an_empty_subdomain_collapses_the_condition
ERROR tests/unit/orm/test_domain_any_optimizers.py::TestAnyOverANonRelationalFieldRaises::test_it_raises
ERROR tests/unit/orm/test_domain_in_required.py::TestTheGuardStripsTheFalse::test_a_not_null_field_without_falsy_value_loses_the_false
ERROR tests/unit/orm/test_domain_in_required.py::TestTheGuardStripsTheFalse::test_the_primary_key_loses_it_too
ERROR tests/unit/orm/test_domain_in_required.py::TestTheGuardStripsTheFalse::test_not_in_is_optimized_as_well
ERROR tests/unit/orm/test_domain_in_required.py::TestTheGuardStripsTheFalse::test_a_field_with_a_falsy_value_keeps_the_false
ERROR tests/unit/orm/test_domain_in_required.py::TestTheGuardStripsTheFalse::test_a_nullable_field_keeps_the_false
ERROR tests/unit/orm/test_domain_in_required.py::TestWhereFalsyValueLives::test_a_django_field_has_no_slots_in_its_mro
ERROR tests/unit/orm/test_domain_in_required.py::TestWhereFalsyValueLives::test_the_attribute_is_installed_on_the_django_base_class
ERROR tests/unit/orm/test_domain_in_required.py::TestWhereFalsyValueLives::test_each_type_carries_the_value_the_reference_declares
ERROR tests/unit/orm/test_domain_in_required.py::TestWhereFalsyValueLives::test_the_attribute_and_the_function_agree
ERROR tests/unit/orm/test_domain_in_required.py::TestWhereFalsyValueLives::test_the_primary_key_needs_its_three_classes_named_one_by_one
ERROR tests/unit/orm/test_domain_in_required.py::TestWhereFalsyValueLives::test_the_function_tolerates_an_unknown_field
ERROR tests/unit/orm/test_domain_in_required.py::TestWhereFalsyValueLives::test_patching_the_base_class_reaches_every_app
ERROR tests/unit/orm/test_domain_in_required.py::TestWhereFalsyValueLives::test_the_subclass_route_cannot_reach_the_primary_key
ERROR tests/unit/orm/test_domain_in_required.py::TestWhereFalsyValueLives::test_a_reverse_relation_has_no_attribute_and_the_function_covers_it
ERROR tests/unit/orm/test_domain_in_required.py::TestWhereFalsyValueLives::test_our_own_field_classes_get_it_by_inheritance
ERROR tests/unit/orm/test_domain_in_required.py::TestTheTwoWaysToAskForNotNullAgree::test_the_shortcut_agrees_with_the_walk_on_every_field
ERROR tests/unit/orm/test_domain_in_required.py::TestTheTwoWaysToAskForNotNullAgree::test_a_many_to_many_is_not_a_not_null_column
ERROR tests/unit/orm/test_domain_in_required.py::TestTheTwoWaysToAskForNotNullAgree::test_a_plain_not_null_column_still_counts
ERROR tests/unit/orm/test_domain_in_required.py::TestTheTwoWaysToAskForNotNullAgree::test_the_optimizer_leaves_a_many_to_many_alone
ERROR tests/unit/orm/test_domain_in_required.py::TestTheThirdConsumerAsksTheSameQuestion::test_every_discrepancy_belongs_to_one_of_the_two_families
ERROR tests/unit/orm/test_domain_in_required.py::TestTheThirdConsumerAsksTheSameQuestion::test_the_count_over_a_fixed_population
ERROR tests/unit/orm/test_domain_in_required.py::TestTheThirdConsumerAsksTheSameQuestion::test_a_many_to_many_keeps_the_null_branch
ERROR tests/unit/orm/test_domain_in_required.py::TestTheThirdConsumerAsksTheSameQuestion::test_a_real_not_null_column_still_drops_it
ERROR tests/unit/orm/test_domain_in_required.py::TestTheThirdConsumerAsksTheSameQuestion::test_a_field_of_an_unmanaged_model_keeps_it
ERROR tests/unit/orm/test_domain_nary_merges.py::TestTheMergeHalfOfTheRegistryIsPopulated::test_there_are_registered_merges
ERROR tests/unit/orm/test_domain_nary_merges.py::TestPartition::test_it_splits_by_the_predicate
ERROR tests/unit/orm/test_domain_nary_merges.py::TestPartition::test_it_preserves_order_within_each_side
ERROR tests/unit/orm/test_domain_nary_merges.py::TestPartition::test_an_empty_input_gives_two_empty_lists
ERROR tests/unit/orm/test_domain_nary_merges.py::TestSetAlgebra::test_intersection_of_two
ERROR tests/unit/orm/test_domain_nary_merges.py::TestSetAlgebra::test_union_of_two
ERROR tests/unit/orm/test_domain_nary_merges.py::TestSetAlgebra::test_union_preserves_the_insertion_order
ERROR tests/unit/orm/test_domain_nary_merges.py::TestSetAlgebra::test_union_of_none_is_empty
ERROR tests/unit/orm/test_domain_nary_merges.py::TestMergingTheSameFieldUnderOr::test_two_in_conditions_become_one
ERROR tests/unit/orm/test_domain_nary_merges.py::TestMergingTheSameFieldUnderOr::test_three_in_conditions_become_one
ERROR tests/unit/orm/test_domain_nary_merges.py::TestMergingTheSameFieldUnderOr::test_a_different_field_is_not_merged
ERROR tests/unit/orm/test_domain_nary_merges.py::TestMergingTheSameFieldUnderAnd::test_in_minus_not_in
ERROR tests/unit/orm/test_domain_nary_merges.py::TestMergingTheSameFieldUnderAnd::test_two_not_in_conditions_become_their_union
ERROR tests/unit/orm/test_domain_nary_merges.py::TestMergingTheSameFieldUnderAnd::test_two_in_conditions_become_their_intersection
ERROR tests/unit/orm/test_domain_nary_merges.py::TestMergingTheSameFieldUnderAnd::test_a_disjoint_intersection_is_the_empty_set
ERROR tests/unit/orm/test_domain_nary_merges.py::TestTheDualityBetweenAndAndOr::test_or_of_not_in_is_the_intersection
ERROR tests/unit/orm/test_domain_nary_merges.py::TestTheSameConditionTwice::test_a_repeated_condition_collapses
ERROR tests/unit/orm/test_domain_nary_merges.py::TestTheSameConditionTwice::test_a_repeated_condition_under_or_collapses
ERROR tests/unit/orm/test_domain_nary_merges.py::TestTheSameConditionTwice::test_two_different_conditions_do_not_collapse
ERROR tests/unit/orm/test_domain_nary_merges.py::TestX2manyKeepsItsOwnSemantics::test_an_and_of_in_over_x2many_is_not_merged
ERROR tests/unit/orm/test_domain_nary_merges.py::TestX2manyKeepsItsOwnSemantics::test_an_or_of_in_over_x2many_is_merged
ERROR tests/unit/orm/test_domain_nary_merges.py::TestX2manyKeepsItsOwnSemantics::test_an_or_of_not_in_over_x2many_is_not_merged
ERROR tests/unit/orm/test_domain_nary_merges.py::TestX2manyKeepsItsOwnSemantics::test_the_scalar_field_is_merged_in_both_directions
ERROR tests/unit/orm/test_domain_operator_optimizers.py::TestEqualIfValue::test_the_operator_is_now_constructible
ERROR tests/unit/orm/test_domain_operator_optimizers.py::TestEqualIfValue::test_a_falsy_value_makes_the_condition_true
ERROR tests/unit/orm/test_domain_operator_optimizers.py::TestEqualIfValue::test_an_empty_string_makes_it_true_too
ERROR tests/unit/orm/test_domain_operator_optimizers.py::TestEqualIfValue::test_a_truthy_value_becomes_a_plain_equality
ERROR tests/unit/orm/test_domain_operator_optimizers.py::TestTheDeprecatedSpellings::test_the_diamond_becomes_not_equal
ERROR tests/unit/orm/test_domain_operator_optimizers.py::TestTheDeprecatedSpellings::test_the_double_equal_becomes_equal
ERROR tests/unit/orm/test_domain_operator_optimizers.py::TestTheDeprecatedSpellings::test_both_carry_their_value_through
ERROR tests/unit/orm/test_domain_operator_optimizers.py::TestEqualityAsMembership::test_equal_becomes_in
ERROR tests/unit/orm/test_domain_operator_optimizers.py::TestEqualityAsMembership::test_not_equal_becomes_not_in
ERROR tests/unit/orm/test_domain_operator_optimizers.py::TestEqualityAsMembership::test_the_scalar_becomes_a_one_element_set
ERROR tests/unit/orm/test_domain_operator_optimizers.py::TestEqualityAsMembership::test_a_collection_is_kept_as_a_set
ERROR tests/unit/orm/test_domain_operator_optimizers.py::TestEqualityAsMembership::test_an_empty_collection_compares_against_unset
ERROR tests/unit/orm/test_domain_operator_optimizers.py::TestEqualityAsMembership::test_a_repeated_value_appears_once
ERROR tests/unit/orm/test_domain_operator_optimizers.py::TestTheMembershipSet::test_a_list_becomes_an_ordered_set
ERROR tests/unit/orm/test_domain_operator_optimizers.py::TestTheMembershipSet::test_an_empty_in_collapses_to_false
ERROR tests/unit/orm/test_domain_operator_optimizers.py::TestTheMembershipSet::test_an_empty_not_in_collapses_to_true
ERROR tests/unit/orm/test_domain_operator_optimizers.py::TestTheMembershipSet::test_a_scalar_is_wrapped_in_a_set
ERROR tests/unit/orm/test_domain_operator_optimizers.py::TestTheMembershipSet::test_a_domain_value_switches_to_the_any_operator
ERROR tests/unit/orm/test_domain_operator_optimizers.py::TestTheMembershipSet::test_a_domain_value_under_not_in_switches_to_not_any
ERROR tests/unit/orm/test_domain_operator_optimizers.py::TestTheMembershipSet::test_an_ordered_set_is_returned_unchanged
ERROR tests/unit/orm/test_domain_operator_optimizers.py::TestTheHandWrittenDebtIsGone::test_the_four_are_constructible
ERROR tests/unit/orm/test_domain_operator_optimizers.py::TestTheHandWrittenDebtIsGone::test_none_of_the_four_survives_the_optimization
ERROR tests/unit/orm/test_domain_optimizer_registry.py::TestRegisteringByOperator::test_it_lands_in_the_mapping_of_its_level
ERROR tests/unit/orm/test_domain_optimizer_registry.py::TestRegisteringByOperator::test_it_returns_the_function_unchanged
ERROR tests/unit/orm/test_domain_optimizer_registry.py::TestRegisteringByOperator::test_it_declares_the_operator_as_constructible
ERROR tests/unit/orm/test_domain_optimizer_registry.py::TestRegisteringByOperator::test_one_optimizer_can_serve_several_operators
ERROR tests/unit/orm/test_domain_optimizer_registry.py::TestRegisteringByOperator::test_the_level_is_honoured
ERROR tests/unit/orm/test_domain_optimizer_registry.py::TestRegisteringByOperator::test_registering_without_operators_is_refused
ERROR tests/unit/orm/test_domain_optimizer_registry.py::TestRegisteringByOperator::test_the_none_level_has_no_mapping
ERROR tests/unit/orm/test_domain_optimizer_registry.py::TestRegisteringByFieldType::test_it_lands_under_the_field_type
ERROR tests/unit/orm/test_domain_optimizer_registry.py::TestRegisteringByFieldType::test_it_does_not_declare_a_new_operator
ERROR tests/unit/orm/test_domain_optimizer_registry.py::TestTheSortKey::test_a_condition_sorts_by_its_field_first
ERROR tests/unit/orm/test_domain_optimizer_registry.py::TestTheSortKey::test_in_and_not_in_share_their_family
ERROR tests/unit/orm/test_domain_optimizer_registry.py::TestTheSortKey::test_every_like_shares_the_like_family
ERROR tests/unit/orm/test_domain_optimizer_registry.py::TestTheSortKey::test_the_two_any_families_are_distinct
ERROR tests/unit/orm/test_domain_optimizer_registry.py::TestTheSortKey::test_a_non_condition_sorts_at_the_end
ERROR tests/unit/orm/test_domain_optimizer_registry.py::TestTheSortKey::test_two_conditions_on_the_same_field_land_together
ERROR tests/unit/orm/test_domain_optimizer_registry.py::TestTheNaryMerge::test_it_lands_in_the_merge_list
ERROR tests/unit/orm/test_domain_optimizer_registry.py::TestTheNaryMerge::test_it_returns_the_function_unchanged
ERROR tests/unit/orm/test_domain_optimizer_registry.py::TestTheNaryMerge::test_the_nary_step_runs_it
ERROR tests/unit/orm/test_domain_optimizer_registry.py::TestTheNaryMerge::test_the_nary_step_applies_what_the_merge_returns
ERROR tests/unit/orm/test_domain_optimizer_registry.py::TestTheNaryMerge::test_the_children_reach_the_merge_already_sorted
ERROR tests/unit/orm/test_domain_optimizer_registry.py::TestTheNaryMerge::test_an_or_domain_runs_the_merge_too
ERROR tests/unit/orm/test_domain_optimizer_registry.py::TestTheConditionBlockAdapter::test_it_receives_only_the_matching_block
ERROR tests/unit/orm/test_domain_optimizer_registry.py::TestTheConditionBlockAdapter::test_a_lone_condition_is_not_a_block
ERROR tests/unit/orm/test_domain_optimizer_registry.py::TestTheConditionBlockAdapter::test_what_it_returns_replaces_the_block
ERROR tests/unit/orm/test_domain_optimizer_registry.py::TestTheConditionBlockAdapter::test_the_domains_outside_the_block_survive
ERROR tests/unit/orm/test_domain_optimizer_registry.py::TestTheConditionBlockAdapter::test_an_operator_outside_the_set_is_not_grouped
ERROR tests/unit/orm/test_domain_optimizer_registry.py::TestTheConditionDispatch::test_a_registered_optimizer_runs
ERROR tests/unit/orm/test_domain_optimizer_registry.py::TestTheConditionDispatch::test_what_it_returns_replaces_the_condition
ERROR tests/unit/orm/test_domain_optimizer_registry.py::TestTheConditionDispatch::test_an_optimizer_of_another_operator_does_not_run
ERROR tests/unit/orm/test_domain_optimizer_registry.py::TestTheConditionDispatch::test_the_first_that_changes_the_domain_wins
ERROR tests/unit/orm/test_domain_optimizer_registry.py::TestTheConditionDispatch::test_an_optimizer_that_changes_nothing_lets_the_next_run
ERROR tests/unit/orm/test_domain_optimizer_registry.py::TestTheConditionDispatch::test_a_full_level_optimizer_does_not_run_at_basic
ERROR tests/unit/orm/test_domain_type_optimizers.py::TestTheBooleanFamilyIsRegistered::test_boolean_has_optimizers_at_the_basic_level
ERROR tests/unit/orm/test_domain_type_optimizers.py::TestTheBooleanFamilyIsRegistered::test_boolean_has_an_optimizer_at_the_full_level
ERROR tests/unit/orm/test_domain_type_optimizers.py::TestTheBooleanFamilyIsRegistered::test_the_model_field_publishes_the_key_the_registry_looks_up
ERROR tests/unit/orm/test_domain_type_optimizers.py::TestBooleanValuesAreParsed::test_a_string_becomes_a_boolean
ERROR tests/unit/orm/test_domain_type_optimizers.py::TestBooleanValuesAreParsed::test_the_false_string_flips_the_operator
ERROR tests/unit/orm/test_domain_type_optimizers.py::TestBooleanValuesAreParsed::test_a_single_false_flips_the_operator
ERROR tests/unit/orm/test_domain_type_optimizers.py::TestBooleanValuesAreParsed::test_a_single_false_under_not_in_flips_to_in
ERROR tests/unit/orm/test_domain_type_optimizers.py::TestBooleanValuesAreParsed::test_true_is_left_alone
ERROR tests/unit/orm/test_domain_type_optimizers.py::TestBooleanValuesAreParsed::test_the_comparison_is_always_against_true
ERROR tests/unit/orm/test_domain_type_optimizers.py::TestBothBooleansIsATautology::test_at_full_level_it_collapses_to_true
ERROR tests/unit/orm/test_domain_type_optimizers.py::TestBothBooleansIsATautology::test_not_in_both_collapses_to_false
ERROR tests/unit/orm/test_domain_type_optimizers.py::TestBothBooleansIsATautology::test_at_the_basic_level_the_field_survives
ERROR tests/unit/orm/test_domain_type_optimizers.py::TestThePatternMustBeAString::test_a_number_becomes_its_string
ERROR tests/unit/orm/test_domain_type_optimizers.py::TestThePatternMustBeAString::test_a_string_is_left_alone
ERROR tests/unit/orm/test_domain_type_optimizers.py::TestThePatternMustBeAString::test_an_empty_pattern_on_a_scalar_becomes_a_boolean
ERROR tests/unit/orm/test_domain_type_optimizers.py::TestThePatternMustBeAString::test_an_empty_pattern_under_not_like_is_false
ERROR tests/unit/orm/test_domain_type_optimizers.py::TestThePatternMustBeAString::test_an_empty_pattern_on_a_relation_asks_the_column
ERROR tests/unit/orm/test_domain_type_optimizers.py::TestThePatternMustBeAString::test_an_equal_like_asks_the_column_even_on_a_scalar
ERROR tests/unit/orm/test_domain_type_optimizers.py::TestThePatternMustBeAString::test_an_equal_like_with_a_non_string_raises
ERROR tests/unit/orm/test_domain_type_optimizers.py::TestThePatternMustBeAString::test_a_plain_like_with_a_non_string_does_not_raise
ERROR tests/unit/orm/test_domains.py::TestDomainConstruction::test_empty_list_is_the_true_domain
ERROR tests/unit/orm/test_domains.py::TestDomainConstruction::test_false_builds_the_false_domain
ERROR tests/unit/orm/test_domains.py::TestDomainConstruction::test_true_leaf_collapses_to_the_true_domain
ERROR tests/unit/orm/test_domains.py::TestDomainConstruction::test_false_leaf_collapses_to_the_false_domain
ERROR tests/unit/orm/test_domains.py::TestDomainConstruction::test_single_condition_builds_a_condition_node
ERROR tests/unit/orm/test_domains.py::TestDomainConstruction::test_implicit_and_between_consecutive_conditions
ERROR tests/unit/orm/test_domains.py::TestDomainConstruction::test_polish_notation_is_parsed_with_its_operators
ERROR tests/unit/orm/test_domains.py::TestDomainConstruction::test_negation_operator_is_parsed
ERROR tests/unit/orm/test_domains.py::TestDomainConstruction::test_malformed_domain_raises
ERROR tests/unit/orm/test_domains.py::TestDomainConstruction::test_invalid_operator_raises
ERROR tests/unit/orm/test_domains.py::TestDomainConstruction::test_domain_objects_are_immutable
ERROR tests/unit/orm/test_domains.py::TestDomainConstruction::test_round_trip_through_the_polish_list
ERROR tests/unit/orm/test_domains.py::TestDomainAlgebra::test_true_is_the_neutral_element_of_and
ERROR tests/unit/orm/test_domains.py::TestDomainAlgebra::test_false_absorbs_and
ERROR tests/unit/orm/test_domains.py::TestDomainAlgebra::test_false_is_the_neutral_element_of_or
ERROR tests/unit/orm/test_domains.py::TestDomainAlgebra::test_true_absorbs_or
ERROR tests/unit/orm/test_domains.py::TestDomainAlgebra::test_double_negation_returns_the_child
ERROR tests/unit/orm/test_domains.py::TestDomainAlgebra::test_nested_ands_are_flattened
ERROR tests/unit/orm/test_domains.py::TestDomainAlgebra::test_inverse_of_and_is_or
ERROR tests/unit/orm/test_domains.py::TestDomainAlgebra::test_de_morgan_on_a_nary
ERROR tests/unit/orm/test_domains.py::TestDomainAlgebra::test_bool_keeps_the_historic_semantics
ERROR tests/unit/orm/test_domains.py::TestNegationReachesTheLeaves::test_optimizing_a_negation_inverts_the_operator
ERROR tests/unit/orm/test_domains.py::TestNegationReachesTheLeaves::test_optimizing_a_negated_or_applies_de_morgan
ERROR tests/unit/orm/test_domains.py::TestNegationReachesTheLeaves::test_a_negated_inequality_adds_its_null_branch
ERROR tests/unit/orm/test_domains.py::TestNegationReachesTheLeaves::test_a_dotted_path_is_not_inverted
ERROR tests/unit/orm/test_domains.py::TestNegationReachesTheLeaves::test_optimize_reaches_a_fixed_point
ERROR tests/unit/orm/test_domains.py::TestCompilationToQ::test_the_true_domain_compiles_to_an_empty_q
ERROR tests/unit/orm/test_domains.py::TestCompilationToQ::test_the_false_domain_compiles_to_the_empty_set
ERROR tests/unit/orm/test_domains.py::TestCompilationToQ::test_equality_normalizes_to_in
ERROR tests/unit/orm/test_domains.py::TestCompilationToQ::test_equality_against_false_becomes_a_null_check
ERROR tests/unit/orm/test_domains.py::TestCompilationToQ::test_a_dotted_path_uses_the_django_traversal
ERROR tests/unit/orm/test_domains.py::TestCompilationToQ::test_the_four_pattern_operators_exist
ERROR tests/unit/orm/test_domains.py::TestCompilationToQ::test_a_raw_pattern_keeps_its_wildcards
ERROR tests/unit/orm/test_domains.py::TestCompilationToQ::test_like_wraps_the_value_in_wildcards
ERROR tests/unit/orm/test_domains.py::TestCompilationToQ::test_an_unsupported_operator_raises_at_compile_time
ERROR tests/unit/orm/test_domains.py::TestTheNullRule::test_a_negative_equality_relies_on_the_django_guard
ERROR tests/unit/orm/test_domains.py::TestTheNullRule::test_a_negative_pattern_relies_on_the_django_guard
ERROR tests/unit/orm/test_domains.py::TestTheNullRule::test_a_positive_pattern_is_a_plain_condition
ERROR tests/unit/orm/test_domains.py::TestTheNullRule::test_in_with_false_adds_the_null_branch
ERROR tests/unit/orm/test_domains.py::TestTheNullRule::test_not_in_with_false_excludes_the_unset_rows
ERROR tests/unit/orm/test_domains.py::TestTheNullRule::test_not_in_only_false_asks_for_a_set_value
ERROR tests/unit/orm/test_domains.py::TestTheNullRule::test_a_non_nullable_field_needs_no_forcing
ERROR tests/unit/orm/test_domains.py::TestTheNullRule::test_the_falsy_value_of_the_field_joins_the_parameters
ERROR tests/unit/orm/test_domains.py::TestQFacade::test_and_of_nothing_is_the_true_domain
ERROR tests/unit/orm/test_domains.py::TestQFacade::test_or_of_nothing_is_the_false_domain
ERROR tests/unit/orm/test_domains.py::TestQFacade::test_and_combines_q_objects
ERROR tests/unit/orm/test_domains.py::TestQFacade::test_or_combines_q_objects
ERROR tests/unit/orm/test_domains.py::TestQFacade::test_not_negates_a_q_object
ERROR tests/unit/orm/test_domains.py::TestQFacade::test_the_false_domain_is_the_empty_set_not_its_opposite
ERROR tests/unit/orm/test_environments_cache.py::TestTheModuleConstants::test_the_fixpoint_bound_is_the_one_of_the_source
ERROR tests/unit/orm/test_environments_cache.py::TestTheModuleConstants::test_the_empty_sentinel_is_an_immutable_mapping
ERROR tests/unit/orm/test_environments_cache.py::TestTheStarredMarksTheValue::test_the_repr_appends_the_star
ERROR tests/unit/orm/test_environments_cache.py::TestTheStarredMarksTheValue::test_the_repr_of_the_value_is_the_one_used
ERROR tests/unit/orm/test_environments_cache.py::TestTheStarredMarksTheValue::test_the_slots_keep_it_light
ERROR tests/unit/orm/test_environments_cache.py::TestTheTransactionOwnsItsCache::test_the_transaction_exposes_a_cache
ERROR tests/unit/orm/test_environments_cache.py::TestTheTransactionOwnsItsCache::test_the_cache_points_back_at_its_transaction
ERROR tests/unit/orm/test_environments_cache.py::TestTheTransactionOwnsItsCache::test_the_cache_is_the_same_object_between_reads
ERROR tests/unit/orm/test_environments_cache.py::TestTheCacheReadsAndWritesOneValue::test_what_is_set_is_read_back
ERROR tests/unit/orm/test_environments_cache.py::TestTheCacheReadsAndWritesOneValue::test_contains_answers_for_the_record
ERROR tests/unit/orm/test_environments_cache.py::TestTheCacheReadsAndWritesOneValue::test_a_miss_raises_cache_miss
ERROR tests/unit/orm/test_environments_cache.py::TestTheCacheReadsAndWritesOneValue::test_a_miss_returns_the_given_default
ERROR tests/unit/orm/test_environments_cache.py::TestTheCacheReadsAndWritesOneValue::test_remove_drops_the_value
ERROR tests/unit/orm/test_environments_cache.py::TestTheCacheReadsAndWritesOneValue::test_remove_of_an_absent_value_is_silent
ERROR tests/unit/orm/test_environments_cache.py::TestTheCacheWorksOnSeveralRecords::test_update_writes_one_value_per_record
ERROR tests/unit/orm/test_environments_cache.py::TestTheCacheWorksOnSeveralRecords::test_update_raw_writes_the_same_without_the_language_logic
ERROR tests/unit/orm/test_environments_cache.py::TestTheCacheWorksOnSeveralRecords::test_get_values_skips_what_is_not_cached
ERROR tests/unit/orm/test_environments_cache.py::TestTheCacheWorksOnSeveralRecords::test_get_missing_ids_names_the_ones_without_value
ERROR tests/unit/orm/test_environments_cache.py::TestTheCacheAnswersAboutTheField::test_contains_field_is_false_before_any_write
ERROR tests/unit/orm/test_environments_cache.py::TestTheCacheAnswersAboutTheField::test_contains_field_is_true_after_one_write
ERROR tests/unit/orm/test_environments_cache.py::TestTheCacheAnswersAboutTheField::test_get_fields_names_only_what_has_a_value
ERROR tests/unit/orm/test_environments_cache.py::TestTheDirtyFlagIsVisible::test_the_repr_stars_the_dirty_id
ERROR tests/unit/orm/test_environments_cache.py::TestTheDirtyFlagIsVisible::test_the_repr_leaves_the_clean_id_alone
ERROR tests/unit/orm/test_environments_cache.py::TestTheInvalidationClearsWhatItSays::test_invalidate_without_spec_empties_everything
ERROR tests/unit/orm/test_environments_cache.py::TestTheInvalidationClearsWhatItSays::test_invalidate_with_spec_only_touches_the_named_ids
ERROR tests/unit/orm/test_environments_cache.py::TestTheInvalidationClearsWhatItSays::test_clear_also_drops_the_dirty_flags
ERROR tests/unit/orm/test_environments_cache.py::TestTheDeprecatedSurfaceWarns::test_insert_missing_warns
ERROR tests/unit/orm/test_environments_cache.py::TestTheDeprecatedSurfaceWarns::test_patch_and_set_warns
ERROR tests/unit/orm/test_environments_cache.py::TestTheDeprecatedSurfaceWarns::test_get_until_miss_warns
ERROR tests/unit/orm/test_environments_cache.py::TestTheDeprecatedSurfaceWarns::test_get_dirty_fields_warns
ERROR tests/unit/orm/test_environments_cache.py::TestTheDeprecatedSurfaceWarns::test_has_dirty_fields_warns
ERROR tests/unit/orm/test_environments_cache.py::TestTheDeprecatedSurfaceWarns::test_clear_dirty_field_warns
ERROR tests/unit/orm/test_environments_cache.py::TestTheDeprecatedSurfaceStillAnswers::test_get_until_miss_stops_at_the_first_gap
ERROR tests/unit/orm/test_environments_cache.py::TestTheDeprecatedSurfaceStillAnswers::test_insert_missing_does_not_overwrite
ERROR tests/unit/orm/test_environments_cache.py::TestTheDeprecatedSurfaceStillAnswers::test_clear_dirty_field_returns_the_formerly_dirty_ids
ERROR tests/unit/orm/test_environments_cache.py::TestTheDeprecatedSurfaceStillAnswers::test_has_dirty_fields_sees_the_marked_one
ERROR tests/unit/orm/test_environments_cache.py::TestTheRegistryIsTheModule::test_the_context_map_is_the_one_of_the_module
ERROR tests/unit/orm/test_environments_cache.py::TestTheRegistryIsTheModule::test_the_ambient_environment_answers_without_a_cursor
ERROR tests/unit/orm/test_environments_channels.py::TestCanalDelDato::test_fallback_al_permitido_completo
ERROR tests/unit/orm/test_environments_channels.py::TestCanalDelDato::test_pedido_valido_subconjunto
ERROR tests/unit/orm/test_environments_channels.py::TestCanalDelDato::test_excedente_no_autorizado_es_access_error
ERROR tests/unit/orm/test_environments_channels.py::TestCanalDelDato::test_sin_dato_deniega_no_eleva
ERROR tests/unit/orm/test_environments_channels.py::TestCanalDeElevacion::test_sudo_es_bloque_explicito_y_se_restaura
ERROR tests/unit/orm/test_environments_channels.py::TestCanalDeElevacion::test_sudo_omite_el_sanity_check
ERROR tests/unit/orm/test_environments_channels.py::TestCanalDeElevacion::test_sudo_no_toca_el_canal_del_dato
ERROR tests/unit/orm/test_environments_channels.py::TestCanalDeElevacion::test_company_scope_sigue_siendo_dato_no_elevacion
ERROR tests/unit/orm/test_environments_transaction.py::TestTheModelIndex::test_django_cannot_resolve_a_reference_name
ERROR tests/unit/orm/test_environments_transaction.py::TestTheModelIndex::test_the_registry_resolves_it
ERROR tests/unit/orm/test_environments_transaction.py::TestTheModelIndex::test_the_index_is_not_empty
ERROR tests/unit/orm/test_environments_transaction.py::TestTheCursorRow::test_the_connection_is_the_cursor
ERROR tests/unit/orm/test_environments_transaction.py::TestTheCursorRow::test_atomic_is_the_transaction_of_the_engine
ERROR tests/unit/orm/test_environments_transaction.py::TestTheChannels::test_the_user_channel_lives_in_this_module
ERROR tests/unit/orm/test_environments_transaction.py::TestTheChannels::test_the_elevation_channel_is_not_is_superuser
ERROR tests/unit/orm/test_environments_transaction.py::TestTheChannels::test_the_context_channel_lives_in_this_module
ERROR tests/unit/orm/test_environments_transaction.py::TestTheTransaction::test_it_declares_the_closed_set_of_structures
ERROR tests/unit/orm/test_environments_transaction.py::TestTheTransaction::test_a_slot_outside_the_declared_set_is_refused
ERROR tests/unit/orm/test_environments_transaction.py::TestTheTransaction::test_the_field_cache_defaults_to_a_mapping
ERROR tests/unit/orm/test_environments_transaction.py::TestTheTransaction::test_the_pending_computations_keep_insertion_order
ERROR tests/unit/orm/test_environments_transaction.py::TestTheTransaction::test_the_protected_fields_stack_by_scope
ERROR tests/unit/orm/test_environments_transaction.py::TestTheTransaction::test_the_patches_nest_two_levels
ERROR tests/unit/orm/test_environments_transaction.py::TestTheTransaction::test_invalidate_without_spec_empties_everything
ERROR tests/unit/orm/test_environments_transaction.py::TestTheTransaction::test_invalidate_with_spec_only_touches_what_it_names
ERROR tests/unit/orm/test_environments_transaction.py::TestTheTransaction::test_invalidate_with_none_ids_empties_that_field
ERROR tests/unit/orm/test_environments_transaction.py::TestTheTransaction::test_clear_empties_the_four_that_hold_pending_state
ERROR tests/unit/orm/test_environments_transaction.py::TestTheTransactionScope::test_it_is_the_same_instance_within_a_scope
ERROR tests/unit/orm/test_environments_transaction.py::TestTheTransactionScope::test_the_scope_is_the_connections_own_transaction
ERROR tests/unit/orm/test_environments_transaction.py::TestTheTransactionScope::test_two_nested_scopes_are_the_same_transaction
ERROR tests/unit/orm/test_environments_transaction.py::TestTheTransactionScope::test_leaving_the_scope_clears_its_cache
ERROR tests/unit/orm/test_environments_transaction.py::TestTheTransactionScope::test_a_scope_does_not_clear_on_the_way_in
ERROR tests/unit/orm/test_environments_transaction.py::TestTheEnvironmentSugar::test_it_resolves_a_reference_name
ERROR tests/unit/orm/test_environments_transaction.py::TestTheEnvironmentSugar::test_it_falls_back_to_a_django_label
ERROR tests/unit/orm/test_environments_transaction.py::TestTheEnvironmentSugar::test_an_unknown_name_raises_key_error
ERROR tests/unit/orm/test_environments_transaction.py::TestTheEnvironmentSugar::test_membership_and_length_read_the_registry
ERROR tests/unit/orm/test_environments_transaction.py::TestTheEnvironmentSugar::test_the_axes_read_the_channel
ERROR tests/unit/orm/test_environments_transaction.py::TestTheEnvironmentSugar::test_a_derived_environment_overrides_the_channel
ERROR tests/unit/orm/test_environments_transaction.py::TestTheEnvironmentSugar::test_entering_a_derived_environment_activates_the_channel
ERROR tests/unit/orm/test_environments_transaction.py::TestTheEnvironmentSugar::test_leaving_restores_even_with_an_outer_scope
ERROR tests/unit/orm/test_environments_transaction.py::TestTheEnvironmentSugar::test_the_cursor_is_the_connection
ERROR tests/unit/orm/test_environments_transaction.py::TestTheEnvironmentSugar::test_the_transaction_is_the_one_in_scope
ERROR tests/unit/orm/test_environments_transaction.py::TestTheEnvironmentSugar::test_lang_is_none_when_the_context_does_not_declare_it
ERROR tests/unit/orm/test_environments_transaction.py::TestTheEnvironmentSugar::test_two_environments_with_the_same_axes_are_equal
ERROR tests/unit/orm/test_environments_transaction.py::TestTheEnvironmentSugar::test_it_is_hashable
ERROR tests/unit/orm/test_extend_model_selection_and_indexes.py::test_the_index_lands_in_meta
ERROR tests/unit/orm/test_extend_model_selection_and_indexes.py::test_the_index_survives_model_state
ERROR tests/unit/orm/test_extend_model_selection_and_indexes.py::test_the_index_is_added_once_per_name
ERROR tests/unit/orm/test_extend_model_selection_and_indexes.py::test_the_vocabulary_keeps_what_the_first_declarer_put
ERROR tests/unit/orm/test_extend_model_selection_and_indexes.py::test_the_same_value_is_not_added_twice
ERROR tests/unit/orm/test_extend_model_selection_and_indexes.py::test_it_returns_only_what_it_actually_added
ERROR tests/unit/orm/test_extend_model_selection_and_indexes.py::test_sale_hangs_its_partial_index_on_the_analytic_line
ERROR tests/unit/orm/test_extend_model_selection_and_indexes.py::test_sale_adds_its_value_to_the_business_domain
ERROR tests/unit/orm/test_extension_tardia_por_nombre.py::test_modelo_ya_registrado_corre_en_el_acto
ERROR tests/unit/orm/test_extension_tardia_por_nombre.py::test_modelo_no_registrado_queda_en_cola
ERROR tests/unit/orm/test_extension_tardia_por_nombre.py::test_la_cola_se_vacia_cuando_el_modelo_aparece
ERROR tests/unit/orm/test_extension_tardia_por_nombre.py::test_varias_extensiones_esperan_al_mismo_modelo
ERROR tests/unit/orm/test_extension_tardia_por_nombre.py::test_con_el_destino_vivo_la_mayuscula_da_igual[base-IrModel]
ERROR tests/unit/orm/test_extension_tardia_por_nombre.py::test_con_el_destino_vivo_la_mayuscula_da_igual[stock-StockLocation]
ERROR tests/unit/orm/test_extension_tardia_por_nombre.py::test_con_el_destino_vivo_la_mayuscula_da_igual[product-ProductTemplate]
ERROR tests/unit/orm/test_extension_tardia_por_nombre.py::test_con_el_destino_ausente_la_mayuscula_cuelga_la_operacion
ERROR tests/unit/orm/test_extension_tardia_por_nombre.py::test_extend_model_cuelga_campo_metodo_y_propiedad_en_destino_vivo
ERROR tests/unit/orm/test_extension_tardia_por_nombre.py::test_extend_model_es_idempotente
ERROR tests/unit/orm/test_extension_tardia_por_nombre.py::test_extend_model_normaliza_la_clave_y_por_eso_no_se_cuelga
ERROR tests/unit/orm/test_field_cache.py::TestTheMappingIsStable::test_two_calls_return_the_same_mapping
ERROR tests/unit/orm/test_field_cache.py::TestTheMappingIsStable::test_the_mapping_is_the_one_the_transaction_holds
ERROR tests/unit/orm/test_field_cache.py::TestTheMappingIsStable::test_two_fields_do_not_share_a_mapping
ERROR tests/unit/orm/test_field_cache.py::TestTheContextSplitsTheCache::test_a_plain_field_has_no_bucket
ERROR tests/unit/orm/test_field_cache.py::TestTheContextSplitsTheCache::test_a_context_field_keys_its_bucket
ERROR tests/unit/orm/test_field_cache.py::TestInvalidationRemovesWhatItSays::test_without_ids_it_clears_everything
ERROR tests/unit/orm/test_field_cache.py::TestInvalidationRemovesWhatItSays::test_with_ids_it_pops_only_those
ERROR tests/unit/orm/test_field_cache.py::TestInvalidationRemovesWhatItSays::test_an_absent_id_is_not_an_error
ERROR tests/unit/orm/test_field_cache.py::TestInvalidationRemovesWhatItSays::test_an_untouched_field_returns_without_building_a_bucket
ERROR tests/unit/orm/test_field_cache.py::TestAllCacheIdsMergesTheBuckets::test_a_plain_field_returns_its_own_mapping
ERROR tests/unit/orm/test_field_cache.py::TestAllCacheIdsMergesTheBuckets::test_a_context_field_merges_every_bucket
ERROR tests/unit/orm/test_field_cache.py::TestInsertKeepsWhatIsAlreadyThere::test_it_fills_the_missing_ids
ERROR tests/unit/orm/test_field_cache.py::TestInsertKeepsWhatIsAlreadyThere::test_it_does_not_overwrite_a_pending_value
ERROR tests/unit/orm/test_field_cache.py::TestUpdateWritesAndMarksDirty::test_it_overwrites_every_given_id
ERROR tests/unit/orm/test_field_cache.py::TestUpdateWritesAndMarksDirty::test_dirty_marks_the_stored_column
ERROR tests/unit/orm/test_field_cache.py::TestUpdateWritesAndMarksDirty::test_a_new_record_is_never_dirty
ERROR tests/unit/orm/test_field_cache.py::TestUpdateWritesAndMarksDirty::test_a_clean_write_over_a_dirty_field_logs_an_error
ERROR tests/unit/orm/test_field_cache.py::TestRecomputeOnlyTouchesWhatIsPending::test_a_field_with_nothing_pending_does_not_compute
ERROR tests/unit/orm/test_field_cache.py::TestRecomputeOnlyTouchesWhatIsPending::test_a_pending_id_gets_computed
ERROR tests/unit/orm/test_field_cache.py::TestRecomputeOnlyTouchesWhatIsPending::test_computing_clears_the_pending_mark
ERROR tests/unit/orm/test_field_cache.py::TestRecomputeOnlyTouchesWhatIsPending::test_a_failing_compute_leaves_the_mark_for_the_next_pass
ERROR tests/unit/orm/test_field_cache.py::TestTheGroupOfFieldsComputedTogether::test_a_lone_compute_is_its_own_group
ERROR tests/unit/orm/test_field_cache.py::TestTheGroupOfFieldsComputedTogether::test_a_field_without_compute_is_absent
ERROR tests/unit/orm/test_field_class_attributes.py::TestThePrimaryKeyAnswersLikeTheSource::test_it_is_readonly
ERROR tests/unit/orm/test_field_class_attributes.py::TestThePrimaryKeyAnswersLikeTheSource::test_the_reader_of_readonly_says_it_is_not_editable
ERROR tests/unit/orm/test_field_class_attributes.py::TestThePrimaryKeyAnswersLikeTheSource::test_its_label_is_the_one_of_the_source
ERROR tests/unit/orm/test_field_class_attributes.py::TestThePrimaryKeyAnswersLikeTheSource::test_it_is_not_prefetched
ERROR tests/unit/orm/test_field_class_attributes.py::TestThePrimaryKeyAnswersLikeTheSource::test_its_column_type_is_declared_whole
ERROR tests/unit/orm/test_field_class_attributes.py::TestTheNumericAggregate::test_the_three_numeric_families_aggregate_with_sum
ERROR tests/unit/orm/test_field_class_attributes.py::TestTheNumericAggregate::test_a_non_numeric_field_does_not_aggregate
ERROR tests/unit/orm/test_field_class_attributes.py::TestTheColumnTypeOfEachFamily::test_the_literal_families_answer_their_tuple
ERROR tests/unit/orm/test_field_class_attributes.py::TestTheColumnTypeOfEachFamily::test_char_derives_its_size_from_the_instance
ERROR tests/unit/orm/test_field_class_attributes.py::TestTheColumnTypeOfEachFamily::test_float_without_declared_digits_is_a_double
ERROR tests/unit/orm/test_field_class_attributes.py::TestTheColumnTypeOfEachFamily::test_a_temporal_field_keeps_the_one_it_already_had
ERROR tests/unit/orm/test_field_class_attributes.py::TestTheReadersThatConsumeThem::test_the_aggregator_reader_offers_the_sum_of_a_stored_column
ERROR tests/unit/orm/test_field_class_attributes.py::TestTheReadersThatConsumeThem::test_the_type_of_a_char_still_discriminates_by_choices
ERROR tests/unit/orm/test_field_class_attributes.py::TestTheColumnTypeOfTheTwoTreeDivergences::test_the_primary_key_does_not_inherit_the_integer_column
ERROR tests/unit/orm/test_field_class_attributes.py::TestTheColumnTypeOfTheTwoTreeDivergences::test_the_generic_reference_keeps_the_integer_column
ERROR tests/unit/orm/test_field_conversion.py::test_the_base_convert_to_column_follows_the_four_branches[None-None]
ERROR tests/unit/orm/test_field_conversion.py::test_the_base_convert_to_column_follows_the_four_branches[False-None]
ERROR tests/unit/orm/test_field_conversion.py::test_the_base_convert_to_column_follows_the_four_branches[texto-texto]
ERROR tests/unit/orm/test_field_conversion.py::test_the_base_convert_to_column_follows_the_four_branches[bytes-bytes]
ERROR tests/unit/orm/test_field_conversion.py::test_the_base_convert_to_column_follows_the_four_branches[42-42]
ERROR tests/unit/orm/test_field_conversion.py::test_the_base_convert_to_column_follows_the_four_branches[value5-2026-09-03]
ERROR tests/unit/orm/test_field_conversion.py::test_the_base_convert_to_column_keeps_the_empty_string
ERROR tests/unit/orm/test_field_conversion.py::test_each_type_declares_its_own_vocabulary_of_absence[label-0-0]
ERROR tests/unit/orm/test_field_conversion.py::test_each_type_declares_its_own_vocabulary_of_absence[label--]
ERROR tests/unit/orm/test_field_conversion.py::test_each_type_declares_its_own_vocabulary_of_absence[label-False-None]
ERROR tests/unit/orm/test_field_conversion.py::test_each_type_declares_its_own_vocabulary_of_absence[label-bytes-bytes]
ERROR tests/unit/orm/test_field_conversion.py::test_each_type_declares_its_own_vocabulary_of_absence[amount-0-0]
ERROR tests/unit/orm/test_field_conversion.py::test_each_type_declares_its_own_vocabulary_of_absence[amount-False-0]
ERROR tests/unit/orm/test_field_conversion.py::test_each_type_declares_its_own_vocabulary_of_absence[amount-42-42]
ERROR tests/unit/orm/test_field_conversion.py::test_each_type_declares_its_own_vocabulary_of_absence[when-False-None]
ERROR tests/unit/orm/test_field_conversion.py::test_each_type_declares_its_own_vocabulary_of_absence[when-2026-09-03-expected8]
ERROR tests/unit/orm/test_field_conversion.py::test_the_boolean_is_the_one_that_keeps_false
ERROR tests/unit/orm/test_field_conversion.py::test_convert_to_column_insert_delegates_when_not_company_dependent
ERROR tests/unit/orm/test_field_conversion.py::test_the_base_convert_to_cache_returns_the_value_verbatim
ERROR tests/unit/orm/test_field_conversion.py::test_none_becomes_false_not_none[convert_to_record]
ERROR tests/unit/orm/test_field_conversion.py::test_none_becomes_false_not_none[convert_to_read]
ERROR tests/unit/orm/test_field_conversion.py::test_a_value_survives_the_conversion[convert_to_record]
ERROR tests/unit/orm/test_field_conversion.py::test_a_value_survives_the_conversion[convert_to_read]
ERROR tests/unit/orm/test_field_conversion.py::test_convert_to_write_chains_the_three_conversions
ERROR tests/unit/orm/test_field_conversion.py::test_convert_to_export_empties_the_falsy[None-]
ERROR tests/unit/orm/test_field_conversion.py::test_convert_to_export_empties_the_falsy[False-]
ERROR tests/unit/orm/test_field_conversion.py::test_convert_to_export_empties_the_falsy[0-]
ERROR tests/unit/orm/test_field_conversion.py::test_convert_to_export_empties_the_falsy[-]
ERROR tests/unit/orm/test_field_conversion.py::test_convert_to_export_empties_the_falsy[texto-texto]
ERROR tests/unit/orm/test_field_conversion.py::test_convert_to_display_name_is_a_method_of_the_field
ERROR tests/unit/orm/test_field_conversion.py::test_the_temporal_overload_still_wins_over_the_base
ERROR tests/unit/orm/test_field_conversion.py::test_the_collection_overload_refuses
ERROR tests/unit/orm/test_field_conversion.py::test_column_order_reads_the_table_of_the_source[label-2]
ERROR tests/unit/orm/test_field_conversion.py::test_column_order_reads_the_table_of_the_source[amount-1]
ERROR tests/unit/orm/test_field_conversion.py::test_column_order_reads_the_table_of_the_source[when-3]
ERROR tests/unit/orm/test_field_conversion.py::test_column_order_reads_the_table_of_the_source[per_company-4]
ERROR tests/unit/orm/test_field_conversion.py::test_column_order_of_a_field_without_column_is_zero
ERROR tests/unit/orm/test_field_conversion.py::test_get_column_update_reads_the_cache_of_the_transaction
ERROR tests/unit/orm/test_field_conversion.py::test_get_column_update_refuses_when_the_value_is_not_cached
ERROR tests/unit/orm/test_field_conversion.py::TestTheWiringLetsAnExpressionThrough::test_the_wiring_refuses_to_convert_what_carries_its_own_sql
ERROR tests/unit/orm/test_field_definition_collection.py::TestTheChainComesFromTheMro::test_a_plain_base_contributes_its_declaration
ERROR tests/unit/orm/test_field_definition_collection.py::TestTheChainComesFromTheMro::test_the_merged_field_records_its_two_links
ERROR tests/unit/orm/test_field_definition_collection.py::TestTheChainComesFromTheMro::test_the_single_declaration_takes_the_direct_shortcut
ERROR tests/unit/orm/test_field_definition_collection.py::TestTheMergeKeepsBothEnds::test_the_compute_of_the_base_survives
ERROR tests/unit/orm/test_field_definition_collection.py::TestTheMergeKeepsBothEnds::test_the_inverse_of_the_child_survives
ERROR tests/unit/orm/test_field_definition_collection.py::TestTheMergeKeepsBothEnds::test_the_child_overrides_the_base
ERROR tests/unit/orm/test_field_definition_collection.py::TestTheMergeKeepsBothEnds::test_the_positional_label_of_the_base_survives
ERROR tests/unit/orm/test_field_definition_collection.py::TestTheMergedFieldIsCONSTRUCTED::test_the_max_length_validator_is_materialized
ERROR tests/unit/orm/test_field_definition_collection.py::TestTheStoreIsDerivedBeforeTheColumn::test_the_field_does_not_store[MergedProbe]
ERROR tests/unit/orm/test_field_definition_collection.py::TestTheStoreIsDerivedBeforeTheColumn::test_the_field_does_not_store[DirectProbe]
ERROR tests/unit/orm/test_field_definition_collection.py::TestTheStoreIsDerivedBeforeTheColumn::test_the_field_has_no_column[MergedProbe]
ERROR tests/unit/orm/test_field_definition_collection.py::TestTheStoreIsDerivedBeforeTheColumn::test_the_field_has_no_column[DirectProbe]
ERROR tests/unit/orm/test_field_definition_collection.py::TestTheStoreIsDerivedBeforeTheColumn::test_the_field_is_not_concrete[MergedProbe]
ERROR tests/unit/orm/test_field_definition_collection.py::TestTheStoreIsDerivedBeforeTheColumn::test_the_field_is_not_concrete[DirectProbe]
ERROR tests/unit/orm/test_field_definition_collection.py::TestTheStoreIsDerivedBeforeTheColumn::test_the_field_is_private_not_local[MergedProbe]
ERROR tests/unit/orm/test_field_definition_collection.py::TestTheStoreIsDerivedBeforeTheColumn::test_the_field_is_private_not_local[DirectProbe]
ERROR tests/unit/orm/test_field_definition_collection.py::TestTheStoreIsDerivedBeforeTheColumn::test_a_field_without_the_declaration_keeps_its_column
ERROR tests/unit/orm/test_field_definition_collection.py::TestTheReadDispatchesTheCompute::test_the_class_attribute_is_not_the_raw_field
ERROR tests/unit/orm/test_field_definition_collection.py::TestTheFacadeKeepsItsShape::test_a_facade_compute_still_has_no_column
ERROR tests/unit/orm/test_field_get_depends.py::TestTheComputeBranch::test_a_compute_overridden_in_a_subclass_accumulates_both
ERROR tests/unit/orm/test_field_get_depends.py::TestTheCollectorConsumesTheProducer::test_the_producer_is_exposed_as_a_field_method
ERROR tests/unit/orm/test_field_lifecycle_methods.py::TestTheSixAreInstalledOnTheFieldClass::test_the_field_class_answers_to_it[get_company_dependent_fallback]
ERROR tests/unit/orm/test_field_lifecycle_methods.py::TestTheSixAreInstalledOnTheFieldClass::test_the_field_class_answers_to_it[read]
ERROR tests/unit/orm/test_field_lifecycle_methods.py::TestTheSixAreInstalledOnTheFieldClass::test_the_field_class_answers_to_it[create]
ERROR tests/unit/orm/test_field_lifecycle_methods.py::TestTheSixAreInstalledOnTheFieldClass::test_the_field_class_answers_to_it[write]
ERROR tests/unit/orm/test_field_lifecycle_methods.py::TestTheSixAreInstalledOnTheFieldClass::test_the_field_class_answers_to_it[_to_prefetch]
ERROR tests/unit/orm/test_field_lifecycle_methods.py::TestTheSixAreInstalledOnTheFieldClass::test_the_field_class_answers_to_it[determine_group_expand]
ERROR tests/unit/orm/test_field_required_declared.py::TestTheDeclaredIntent::test_a_field_that_declares_nothing_is_not_required
ERROR tests/unit/orm/test_field_required_declared.py::TestTheDeclaredIntent::test_declaring_it_true_marks_the_field
ERROR tests/unit/orm/test_field_required_declared.py::TestTheDeclaredIntent::test_declaring_it_false_marks_the_field_and_opens_blank
ERROR tests/unit/orm/test_field_required_declared.py::TestTheDeclaredIntent::test_declaring_it_true_does_not_move_the_column
ERROR tests/unit/orm/test_field_required_declared.py::TestTheDeclaredIntent::test_an_explicit_blank_wins_over_the_alias
ERROR tests/unit/orm/test_field_required_declared.py::TestTheCompanyDependentGuard::test_a_company_dependent_field_cannot_be_required
ERROR tests/unit/orm/test_field_required_declared.py::TestTheCompanyDependentGuard::test_without_required_it_builds
ERROR tests/unit/orm/test_field_required_declared.py::TestTheOndeleteConsumer::test_a_silent_field_accepts_the_default_policy
ERROR tests/unit/orm/test_field_required_declared.py::TestTheOndeleteConsumer::test_a_declared_required_field_refuses_the_default_policy
ERROR tests/unit/orm/test_field_required_declared.py::TestTheOndeleteConsumer::test_a_declared_required_field_accepts_cascade
ERROR tests/unit/orm/test_field_required_declared.py::TestTheOndeleteConsumer::test_without_new_values_the_check_does_not_fire
ERROR tests/unit/orm/test_field_resolve_depends.py::TestEveryPrefixIsEmitted::test_a_two_step_dependency_emits_both_prefixes
ERROR tests/unit/orm/test_field_resolve_depends.py::TestEveryPrefixIsEmitted::test_a_one_step_dependency_emits_exactly_one_tuple
ERROR tests/unit/orm/test_field_resolve_depends.py::TestEveryPrefixIsEmitted::test_the_relational_step_is_a_path_of_its_own
ERROR tests/unit/orm/test_field_resolve_depends.py::TestTheInverseOfAOneToManyIsEmittedToo::test_the_foreign_key_that_inverts_the_relation_is_emitted
ERROR tests/unit/orm/test_field_resolve_depends.py::TestTheInverseOfAOneToManyIsEmittedToo::test_the_plain_prefix_is_emitted_before_the_inverse
ERROR tests/unit/orm/test_field_resolve_depends.py::TestTheInverseOfAOneToManyIsEmittedToo::test_the_full_path_is_still_emitted
ERROR tests/unit/orm/test_field_resolve_depends.py::TestAFieldDoesNotTriggerItself::test_the_field_itself_as_first_step_is_skipped
ERROR tests/unit/orm/test_field_resolve_depends.py::TestAnUnknownNameIsRejected::test_it_names_the_field_and_the_model
ERROR tests/unit/orm/test_field_resolve_depends.py::TestARegularModelDoesNotTriggerATransient::test_the_walk_stops_before_leaving_the_transient
ERROR tests/unit/orm/test_field_resolve_depends.py::TestARegularModelDoesNotTriggerATransient::test_the_same_declaration_on_a_regular_model_walks_further
ERROR tests/unit/orm/test_field_resolve_depends.py::TestTheRecursiveWarning::test_it_marks_the_field_and_warns
ERROR tests/unit/orm/test_field_resolve_depends.py::TestThePrecomputeWarning::test_it_clears_precompute_and_warns
ERROR tests/unit/orm/test_field_resolve_depends.py::TestThePrecomputeWarning::test_crossing_a_many_to_one_lifts_the_check
ERROR tests/unit/orm/test_field_setup_attrs.py::TestTheSetupBlockIsInstalled::test_the_field_class_answers_to_it[_get_attrs]
ERROR tests/unit/orm/test_field_setup_attrs.py::TestTheSetupBlockIsInstalled::test_the_field_class_answers_to_it[_setup_attrs__]
ERROR tests/unit/orm/test_field_setup_attrs.py::TestTheSetupBlockIsInstalled::test_the_declared_parameters_are_recorded
ERROR tests/unit/orm/test_field_setup_attrs.py::TestTheSetupBlockIsInstalled::test_a_parameter_not_declared_is_absent_from_the_record
ERROR tests/unit/orm/test_field_setup_attrs.py::TestCompanyDependentDerivations::test_an_explicit_index_survives_the_company_derivation
ERROR tests/unit/orm/test_field_setup_attrs.py::TestCompanyDependentDerivations::test_an_explicit_copy_survives_the_company_derivation
ERROR tests/unit/orm/test_field_setup_attrs.py::TestStateBlock::test_a_field_named_state_is_not_copied
ERROR tests/unit/orm/test_field_setup_attrs.py::TestStateBlock::test_a_field_with_another_name_keeps_the_default
ERROR tests/unit/orm/test_field_setup_attrs.py::TestStateBlock::test_an_explicit_copy_survives_on_state
ERROR tests/unit/orm/test_field_setup_attrs.py::TestDependsRenaming::test_depends_becomes_a_private_tuple
ERROR tests/unit/orm/test_field_setup_attrs.py::TestDependsRenaming::test_depends_context_becomes_a_private_tuple
ERROR tests/unit/orm/test_field_setup_attrs.py::TestDependsRenaming::test_the_public_name_does_not_survive
ERROR tests/unit/orm/test_field_setup_attrs.py::TestGroupOperatorDeprecation::test_it_becomes_aggregator
ERROR tests/unit/orm/test_field_setup_attrs.py::TestGroupOperatorDeprecation::test_it_warns
ERROR tests/unit/orm/test_field_setup_attrs.py::TestExtraKeys::test_an_unknown_parameter_is_recorded
ERROR tests/unit/orm/test_field_setup_attrs.py::TestExtraKeys::test_a_known_parameter_is_not
ERROR tests/unit/orm/test_field_setup_attrs.py::TestOwnerIdentity::test_it_learns_its_model_and_name
ERROR tests/unit/orm/test_field_setup_phase.py::TestTheDescriptorIsElectedWithComputeInHand::test_a_related_field_ends_with_the_computed_descriptor
ERROR tests/unit/orm/test_field_setup_phase.py::TestTheDescriptorIsElectedWithComputeInHand::test_the_selector_promotes_a_base_descriptor_when_compute_arrives
ERROR tests/unit/orm/test_field_to_sql.py::TestPortedSurface::test_the_reference_method_is_declared_on_the_mixin[_field_to_sql]
ERROR tests/unit/orm/test_field_to_sql.py::TestPortedSurface::test_the_reference_method_is_declared_on_the_mixin[_traverse_related_sql]
ERROR tests/unit/orm/test_field_to_sql.py::TestPortedSurface::test_the_reference_method_is_declared_on_the_mixin[_check_field_access]
ERROR tests/unit/orm/test_field_to_sql.py::TestPortedSurface::test_the_reference_method_is_declared_on_the_mixin[_has_field_access]
ERROR tests/unit/orm/test_field_to_sql.py::TestPortedSurface::test_the_reference_method_is_declared_on_the_mixin[_fields]
ERROR tests/unit/orm/test_field_to_sql.py::TestPortedSurface::test_the_field_base_carries_the_two_sql_generation_methods
ERROR tests/unit/orm/test_field_to_sql.py::TestPortedSurface::test_only_the_properties_field_overrides_property_to_sql
ERROR tests/unit/orm/test_field_to_sql.py::TestPortedSurface::test_the_foreign_key_carries_join
ERROR tests/unit/orm/test_field_to_sql.py::TestFieldsRegistry::test_it_maps_concrete_field_names
ERROR tests/unit/orm/test_field_to_sql.py::TestFieldsRegistry::test_the_values_are_the_django_fields
ERROR tests/unit/orm/test_field_to_sql.py::TestFieldToSql::test_a_plain_column_is_quoted_with_its_alias
ERROR tests/unit/orm/test_field_to_sql.py::TestFieldToSql::test_a_foreign_key_uses_its_COLUMN_not_its_field_name
ERROR tests/unit/orm/test_field_to_sql.py::TestFieldToSql::test_an_unknown_field_is_refused_with_the_reference_message
ERROR tests/unit/orm/test_field_to_sql.py::TestFieldToSql::test_the_alias_is_honoured_not_the_table
ERROR tests/unit/orm/test_field_to_sql.py::TestPropertyExpression::test_a_property_becomes_the_json_arrow_operator
ERROR tests/unit/orm/test_field_to_sql.py::TestPropertyExpression::test_the_property_name_travels_as_a_parameter_not_interpolated
ERROR tests/unit/orm/test_field_to_sql.py::TestPropertyExpression::test_a_malformed_property_name_is_refused[MAL]
ERROR tests/unit/orm/test_field_to_sql.py::TestPropertyExpression::test_a_malformed_property_name_is_refused[con-guion]
ERROR tests/unit/orm/test_field_to_sql.py::TestPropertyExpression::test_a_malformed_property_name_is_refused[con espacio]
ERROR tests/unit/orm/test_field_to_sql.py::TestPropertyExpression::test_a_malformed_property_name_is_refused[punto.punto]
ERROR tests/unit/orm/test_field_to_sql.py::TestPropertyExpression::test_a_malformed_property_name_is_refused[xxxxxxxxxxxxxxxxxxxxxxxxxxxxxxxxxxxxxxxxxxxxxxxxxxxxxxxxxxxxxxxxxxxxxxxxxxxxxxxxxxxxxxxxxxxxxxxxxxxxxxxxxxxxxxxxxxxxxxxxxxxxxxxxxxxxxxxxxxxxxxxxxxxxxxxxxxxxxxxxxxxxxxxxxxxxxxxxxxxxxxxxxxxxxxxxxxxxxxxxxxxxxxxxxxxxxxxxxxxxxxxxxxxxxxxxxxxxxxxxxxxxxxxxxxxxxxxxxxxxxxxxxxxxxxxxxxxxxxxxxxxxxxxxxxxxxxxxxxxxxxxxxxxxxxxxxxxxxxxxxxxxxxxxxxxxxxxxxxxxxxxxxxxxxxxxxxxxxxxxxxxxxxxxxxxxxxxxxxxxxxxxxxxxxxxxxxxxxxxxxxxxxxxxxxxxxxxxxxxxxxxxxxxxxxxxxxxxxxxxxxxxxxxxxxxxxxxxxxxxxxxxxxxxxxxxxxxxxxxxxxxxxxxxxxxxxxxxxxxxxxxxxxxxxxxxx]
ERROR tests/unit/orm/test_field_to_sql.py::TestPropertyExpression::test_an_empty_property_name_is_not_a_property_expression
ERROR tests/unit/orm/test_field_to_sql.py::TestPropertyExpression::test_a_date_field_extracts_the_granularity
ERROR tests/unit/orm/test_field_to_sql.py::TestPropertyExpression::test_a_date_field_refuses_an_unknown_granularity
ERROR tests/unit/orm/test_field_to_sql.py::TestPropertyExpression::test_a_plain_field_still_refuses_any_property
ERROR tests/unit/orm/test_field_to_sql.py::TestPropertyExpression::test_a_definition_field_does_not_extract_a_property
ERROR tests/unit/orm/test_field_to_sql.py::TestToSqlRefusesWhatHasNoColumn::test_a_many_to_many_is_a_field_without_a_column
ERROR tests/unit/orm/test_field_to_sql.py::TestToSqlRefusesWhatHasNoColumn::test_the_message_matches_the_reference
ERROR tests/unit/orm/test_field_to_sql.py::TestToSqlRefusesWhatHasNoColumn::test_a_reverse_relation_never_reaches_to_sql
ERROR tests/unit/orm/test_field_to_sql.py::TestJoin::test_it_adds_the_left_join_and_returns_comodel_and_alias
ERROR tests/unit/orm/test_field_to_sql.py::TestJoin::test_the_on_condition_comes_from_field_to_sql
ERROR tests/unit/orm/test_field_to_sql.py::TestTraverseRelatedRefusesWhatIsStored::test_a_stored_field_is_refused
ERROR tests/unit/orm/test_field_triggers.py::TestTheCollectorIsARelation::test_an_absent_key_gives_the_empty_tuple
ERROR tests/unit/orm/test_field_triggers.py::TestTheCollectorIsARelation::test_reading_an_absent_key_does_not_create_it
ERROR tests/unit/orm/test_field_triggers.py::TestTheCollectorIsARelation::test_add_accumulates_without_repeating
ERROR tests/unit/orm/test_field_triggers.py::TestTheCollectorIsARelation::test_assigning_an_empty_value_removes_the_key
ERROR tests/unit/orm/test_field_triggers.py::TestTheCollectorIsARelation::test_discard_removes_the_key_and_the_value
ERROR tests/unit/orm/test_field_triggers.py::TestTheInverseComesFromTheStack::test_a_foreign_key_knows_its_reverse
ERROR tests/unit/orm/test_field_triggers.py::TestTheInverseComesFromTheStack::test_the_reverse_knows_the_foreign_key
ERROR tests/unit/orm/test_field_triggers.py::TestTheInverseComesFromTheStack::test_a_plain_field_has_no_inverse
ERROR tests/unit/orm/test_field_triggers.py::TestTheTriggersInvertTheDependency::test_a_local_dependency_lands_at_the_empty_path
ERROR tests/unit/orm/test_field_triggers.py::TestTheTriggersInvertTheDependency::test_a_dotted_dependency_carries_the_field_to_inverse
ERROR tests/unit/orm/test_field_triggers.py::TestTheTriggersInvertTheDependency::test_a_field_nobody_depends_on_is_absent
ERROR tests/unit/orm/test_field_triggers.py::TestTheTreeAndItsReaders::test_the_tree_of_a_local_dependency_has_it_at_the_root
ERROR tests/unit/orm/test_field_triggers.py::TestTheTreeAndItsReaders::test_the_tree_of_a_far_dependency_hangs_from_the_field_to_inverse
ERROR tests/unit/orm/test_field_triggers.py::TestTheTreeAndItsReaders::test_a_field_without_triggers_gives_an_empty_tree
ERROR tests/unit/orm/test_field_triggers.py::TestTheTreeAndItsReaders::test_the_dependent_fields_are_listed
ERROR tests/unit/orm/test_field_triggers.py::TestTheTreeAndItsReaders::test_a_field_without_triggers_lists_nothing
ERROR tests/unit/orm/test_field_triggers.py::TestTheTreeAndItsReaders::test_the_merged_tree_covers_every_given_field
ERROR tests/unit/orm/test_field_triggers.py::TestTheTreeAndItsReaders::test_select_discards_what_it_rejects
ERROR tests/unit/orm/test_field_triggers.py::TestModifyingRelations::test_a_relational_field_with_dependents_modifies_relations
ERROR tests/unit/orm/test_field_triggers.py::TestModifyingRelations::test_a_field_without_dependents_does_not
ERROR tests/unit/orm/test_field_triggers.py::TestTheCachesFollowTheDeclaration::test_clearing_rebuilds_the_trigger_map
ERROR tests/unit/orm/test_field_triggers.py::TestTheCachesFollowTheDeclaration::test_clearing_rebuilds_the_tree_cache
ERROR tests/unit/orm/test_field_type_vocabulary.py::TestEveryFamilyPublishesItsType::test_the_scalar_families[BooleanField-boolean]
ERROR tests/unit/orm/test_field_type_vocabulary.py::TestEveryFamilyPublishesItsType::test_the_scalar_families[CharField-char]
ERROR tests/unit/orm/test_field_type_vocabulary.py::TestEveryFamilyPublishesItsType::test_the_scalar_families[TextField-text]
ERROR tests/unit/orm/test_field_type_vocabulary.py::TestEveryFamilyPublishesItsType::test_the_scalar_families[IntegerField-integer]
ERROR tests/unit/orm/test_field_type_vocabulary.py::TestEveryFamilyPublishesItsType::test_the_scalar_families[FloatField-float]
ERROR tests/unit/orm/test_field_type_vocabulary.py::TestEveryFamilyPublishesItsType::test_the_scalar_families[DecimalField-monetary]
ERROR tests/unit/orm/test_field_type_vocabulary.py::TestEveryFamilyPublishesItsType::test_the_scalar_families[JSONField-json]
ERROR tests/unit/orm/test_field_type_vocabulary.py::TestEveryFamilyPublishesItsType::test_the_scalar_families[BinaryField-binary]
ERROR tests/unit/orm/test_field_type_vocabulary.py::TestEveryFamilyPublishesItsType::test_a_subclass_inherits_the_type_of_its_internal_type[EmailField-char]
ERROR tests/unit/orm/test_field_type_vocabulary.py::TestEveryFamilyPublishesItsType::test_a_subclass_inherits_the_type_of_its_internal_type[URLField-char]
ERROR tests/unit/orm/test_field_type_vocabulary.py::TestEveryFamilyPublishesItsType::test_a_subclass_inherits_the_type_of_its_internal_type[SlugField-char]
ERROR tests/unit/orm/test_field_type_vocabulary.py::TestEveryFamilyPublishesItsType::test_a_subclass_inherits_the_type_of_its_internal_type[UUIDField-char]
ERROR tests/unit/orm/test_field_type_vocabulary.py::TestEveryFamilyPublishesItsType::test_a_subclass_inherits_the_type_of_its_internal_type[PositiveIntegerField-integer]
ERROR tests/unit/orm/test_field_type_vocabulary.py::TestEveryFamilyPublishesItsType::test_a_subclass_inherits_the_type_of_its_internal_type[SmallIntegerField-integer]
ERROR tests/unit/orm/test_field_type_vocabulary.py::TestEveryFamilyPublishesItsType::test_no_family_is_left_with_the_empty_string
ERROR tests/unit/orm/test_field_type_vocabulary.py::TestTheTemporalClassAttributeStillWins::test_date_keeps_its_declared_type
ERROR tests/unit/orm/test_field_type_vocabulary.py::TestTheTemporalClassAttributeStillWins::test_datetime_keeps_its_declared_type
ERROR tests/unit/orm/test_field_type_vocabulary.py::TestTheTemporalClassAttributeStillWins::test_it_is_a_plain_class_attribute_not_the_property
ERROR tests/unit/orm/test_field_type_vocabulary.py::TestSelectionIsDecidedByTheInstance::test_a_char_field_without_choices_is_char
ERROR tests/unit/orm/test_field_type_vocabulary.py::TestSelectionIsDecidedByTheInstance::test_a_char_field_with_choices_is_selection
ERROR tests/unit/orm/test_field_type_vocabulary.py::TestSelectionIsDecidedByTheInstance::test_the_two_are_the_same_class
ERROR tests/unit/orm/test_field_type_vocabulary.py::TestTheAttributeAgreesWithTypeFor::test_they_agree[field0]
ERROR tests/unit/orm/test_field_type_vocabulary.py::TestTheAttributeAgreesWithTypeFor::test_they_agree[field1]
ERROR tests/unit/orm/test_field_type_vocabulary.py::TestTheAttributeAgreesWithTypeFor::test_they_agree[field2]
ERROR tests/unit/orm/test_field_type_vocabulary.py::TestTheAttributeAgreesWithTypeFor::test_they_agree[field3]
ERROR tests/unit/orm/test_field_type_vocabulary.py::TestTheAttributeAgreesWithTypeFor::test_they_agree[field4]
ERROR tests/unit/orm/test_field_type_vocabulary.py::TestTheAttributeAgreesWithTypeFor::test_they_agree[field5]
ERROR tests/unit/orm/test_field_type_vocabulary.py::TestTheAttributeAgreesWithTypeFor::test_they_agree[field6]
ERROR tests/unit/orm/test_field_type_vocabulary.py::TestTheOptimizerRegistryCanDispatch::test_the_key_the_registry_would_look_up_is_the_vocabulary
ERROR tests/unit/orm/test_field_type_vocabulary.py::TestTheOptimizerRegistryCanDispatch::test_an_empty_key_would_match_no_registered_family
ERROR tests/unit/orm/test_field_type_vocabulary.py::TestRelationalIsTheDjangoPredicate::test_a_scalar_field_is_not_relational
ERROR tests/unit/orm/test_field_type_vocabulary.py::TestRelationalIsTheDjangoPredicate::test_a_foreign_key_is_relational
ERROR tests/unit/orm/test_field_type_vocabulary.py::TestRelationalIsTheDjangoPredicate::test_a_many_to_many_is_relational
ERROR tests/unit/orm/test_field_type_vocabulary.py::TestRelationalIsTheDjangoPredicate::test_it_agrees_with_the_django_predicate
ERROR tests/unit/orm/test_fields_char_signature_aliases.py::TestTheSignatureAliasesTranslateNamesNotMechanisms::test_the_size_alias_becomes_max_length
ERROR tests/unit/orm/test_fields_char_signature_aliases.py::TestTheSignatureAliasesTranslateNamesNotMechanisms::test_the_column_type_reads_the_translated_length
ERROR tests/unit/orm/test_fields_char_signature_aliases.py::TestTheSignatureAliasesTranslateNamesNotMechanisms::test_max_length_still_works_by_its_django_name
ERROR tests/unit/orm/test_fields_char_signature_aliases.py::TestTheSignatureAliasesTranslateNamesNotMechanisms::test_the_required_alias_becomes_blank
ERROR tests/unit/orm/test_fields_char_signature_aliases.py::TestTheSignatureAliasesTranslateNamesNotMechanisms::test_the_help_alias_becomes_help_text
ERROR tests/unit/orm/test_fields_char_signature_aliases.py::TestTheSignatureAliasesTranslateNamesNotMechanisms::test_the_first_positional_is_the_label_on_both_sides
ERROR tests/unit/orm/test_fields_char_signature_aliases.py::TestTheSignatureAliasesTranslateNamesNotMechanisms::test_the_translate_flag_is_annotated_not_swallowed
ERROR tests/unit/orm/test_fields_char_signature_aliases.py::TestTheSignatureAliasesTranslateNamesNotMechanisms::test_the_untranslated_field_says_so
ERROR tests/unit/orm/test_fields_char_signature_aliases.py::TestTheAliasesComposeAsTheSourceDeclaresThem::test_the_source_declaration_reads_the_same_here
ERROR tests/unit/orm/test_fields_char_signature_aliases.py::TestTheAliasesComposeAsTheSourceDeclaresThem::test_size_and_store_false_do_not_meet
ERROR tests/unit/orm/test_fields_description_protocol.py::TestTheDerivedTable::test_it_publishes_the_key_without_the_prefix
ERROR tests/unit/orm/test_fields_description_protocol.py::TestTheDerivedTable::test_the_related_table_uses_its_own_prefix
ERROR tests/unit/orm/test_fields_description_protocol.py::TestTheDerivedTable::test_a_subclass_sees_its_own_entry
ERROR tests/unit/orm/test_fields_description_protocol.py::TestTheDerivedTable::test_the_table_is_cached_per_class
ERROR tests/unit/orm/test_fields_description_protocol.py::TestTheDerivedTable::test_asking_the_base_does_not_destroy_the_descriptor
ERROR tests/unit/orm/test_fields_description_protocol.py::TestTheDerivedTable::test_the_descriptor_is_the_one_the_port_installs
ERROR tests/unit/orm/test_fields_description_protocol.py::TestGetDescription::test_it_answers_with_the_declared_label
ERROR tests/unit/orm/test_fields_description_protocol.py::TestGetDescription::test_a_none_value_yields_no_key
ERROR tests/unit/orm/test_fields_description_protocol.py::TestGetDescription::test_it_honours_the_requested_subset
ERROR tests/unit/orm/test_fields_description_protocol.py::TestGetDescription::test_the_callable_ones_receive_the_environment
ERROR tests/unit/orm/test_fields_description_protocol.py::TestTheIndividualAnswers::test_searchable_is_the_disjunction_of_the_source
ERROR tests/unit/orm/test_fields_description_protocol.py::TestTheIndividualAnswers::test_is_editable_is_not_djangos_editable
ERROR tests/unit/orm/test_fields_description_protocol.py::TestTheIndividualAnswers::test_column_type_turns_jsonb_when_the_value_is_a_map
ERROR tests/unit/orm/test_fields_description_protocol.py::TestTheIndividualAnswers::test_base_field_walks_the_inheritance
ERROR tests/unit/orm/test_fields_description_protocol.py::TestTheArrayFieldCollision::test_an_array_field_keeps_its_own_meaning
ERROR tests/unit/orm/test_fields_description_protocol.py::TestTheArrayFieldCollision::test_the_descriptor_is_not_a_data_descriptor
ERROR tests/unit/orm/test_fields_description_protocol.py::TestFieldDepends::test_a_field_without_declarations_yields_the_empty_tuple
ERROR tests/unit/orm/test_fields_description_protocol.py::TestFieldDepends::test_it_derives_from_the_marker_the_decorator_leaves
ERROR tests/unit/orm/test_fields_description_protocol.py::TestFieldDepends::test_it_follows_compute_to_the_decorated_method
ERROR tests/unit/orm/test_fields_description_protocol.py::TestFieldDepends::test_clearing_forces_a_new_derivation
ERROR tests/unit/orm/test_fields_description_protocol.py::TestFieldDepends::test_the_description_publishes_the_empty_tuple_not_nothing
ERROR tests/unit/orm/test_fields_facade.py::test_facade_exports_the_public_surface[Boolean]
ERROR tests/unit/orm/test_fields_facade.py::test_facade_exports_the_public_surface[Json]
ERROR tests/unit/orm/test_fields_facade.py::test_facade_exports_the_public_surface[Integer]
ERROR tests/unit/orm/test_fields_facade.py::test_facade_exports_the_public_surface[Float]
ERROR tests/unit/orm/test_fields_facade.py::test_facade_exports_the_public_surface[Monetary]
ERROR tests/unit/orm/test_fields_facade.py::test_facade_exports_the_public_surface[Char]
ERROR tests/unit/orm/test_fields_facade.py::test_facade_exports_the_public_surface[Text]
ERROR tests/unit/orm/test_fields_facade.py::test_facade_exports_the_public_surface[Html]
ERROR tests/unit/orm/test_fields_facade.py::test_facade_exports_the_public_surface[Selection]
ERROR tests/unit/orm/test_fields_facade.py::test_facade_exports_the_public_surface[Date]
ERROR tests/unit/orm/test_fields_facade.py::test_facade_exports_the_public_surface[Datetime]
ERROR tests/unit/orm/test_fields_facade.py::test_facade_exports_the_public_surface[Many2one]
ERROR tests/unit/orm/test_fields_facade.py::test_facade_exports_the_public_surface[Many2many]
ERROR tests/unit/orm/test_fields_facade.py::test_facade_exports_the_public_surface[One2many]
ERROR tests/unit/orm/test_fields_facade.py::test_facade_exports_the_public_surface[Many2oneReference]
ERROR tests/unit/orm/test_fields_facade.py::test_facade_exports_the_public_surface[Reference]
ERROR tests/unit/orm/test_fields_facade.py::test_facade_exports_the_public_surface[Properties]
ERROR tests/unit/orm/test_fields_facade.py::test_facade_exports_the_public_surface[PropertiesDefinition]
ERROR tests/unit/orm/test_fields_facade.py::test_facade_exports_the_public_surface[Binary]
ERROR tests/unit/orm/test_fields_facade.py::test_facade_exports_the_public_surface[Image]
ERROR tests/unit/orm/test_fields_facade.py::test_facade_exports_the_public_surface[Command]
ERROR tests/unit/orm/test_fields_facade.py::test_facade_exports_the_public_surface[parse_field_expr]
ERROR tests/unit/orm/test_fields_facade.py::test_facade_exports_the_public_surface[NonStored]
ERROR tests/unit/orm/test_fields_facade.py::test_addon_can_publish_into_the_facade_after_startup[Serialized]
ERROR tests/unit/orm/test_fields_facade.py::test_addon_can_publish_into_the_facade_after_startup[Sparse]
ERROR tests/unit/orm/test_fields_facade.py::test_facade_does_not_import_with_star
ERROR tests/unit/orm/test_fields_facade.py::test_no_addon_crosses_the_facade_boundary
ERROR tests/unit/orm/test_fields_html.py::test_isinstance_tells_html_apart_from_text
ERROR tests/unit/orm/test_fields_html.py::test_facade_html_is_the_subclass - ...
ERROR tests/unit/orm/test_fields_html.py::test_existing_model_keeps_its_text_column
ERROR tests/unit/orm/test_fields_html.py::test_deconstruct_points_to_textfield
ERROR tests/unit/orm/test_fields_map_contract.py::TestTheMapIsTheModelRegistry::test_it_holds_every_field_meta_declares
ERROR tests/unit/orm/test_fields_map_contract.py::TestTheMapIsTheModelRegistry::test_it_also_holds_the_fields_without_a_column
ERROR tests/unit/orm/test_fields_map_contract.py::TestTheMapIsTheModelRegistry::test_a_non_concrete_field_is_in_the_map
ERROR tests/unit/orm/test_fields_map_contract.py::TestTheMapIsTheModelRegistry::test_the_ratio_is_worth_the_change
ERROR tests/unit/orm/test_fields_module_symbols.py::TestT::test_it_is_a_type_variable_named_t
ERROR tests/unit/orm/test_fields_module_symbols.py::TestIrModels::test_the_seven_are_the_ones_the_reference_names
ERROR tests/unit/orm/test_fields_module_symbols.py::TestIrModels::test_it_is_a_tuple_so_nobody_extends_it_by_accident
ERROR tests/unit/orm/test_fields_module_symbols.py::TestPythonInequalityOperator::test_the_four_map_to_the_standard_library
ERROR tests/unit/orm/test_fields_module_symbols.py::TestPythonInequalityOperator::test_an_operator_outside_the_four_is_not_there
ERROR tests/unit/orm/test_fields_module_symbols.py::TestGlobalSeq::test_each_call_gives_a_greater_number
ERROR tests/unit/orm/test_fields_module_symbols.py::TestGlobalSeq::test_it_does_not_start_a_second_numbering
ERROR tests/unit/orm/test_fields_module_symbols.py::TestResolveMro::test_it_returns_the_overrides_most_derived_first
ERROR tests/unit/orm/test_fields_module_symbols.py::TestResolveMro::test_it_stops_at_the_first_value_that_fails_the_predicate
ERROR tests/unit/orm/test_fields_module_symbols.py::TestResolveMro::test_a_class_that_declares_none_is_not_confused_with_absence
ERROR tests/unit/orm/test_fields_module_symbols.py::TestResolveMro::test_an_attribute_nobody_declares_gives_an_empty_list
ERROR tests/unit/orm/test_fields_module_symbols.py::TestResolveMro::test_an_instance_is_read_by_its_class
ERROR tests/unit/orm/test_fields_module_symbols.py::TestResolveMro::test_object_is_not_walked
ERROR tests/unit/orm/test_fields_module_symbols.py::TestDetermine::test_a_method_name_is_called_on_the_subject
ERROR tests/unit/orm/test_fields_module_symbols.py::TestDetermine::test_a_callable_receives_the_subject_first
ERROR tests/unit/orm/test_fields_module_symbols.py::TestDetermine::test_a_name_the_subject_does_not_declare_is_refused
ERROR tests/unit/orm/test_fields_module_symbols.py::TestDetermine::test_a_needle_that_is_neither_is_refused
ERROR tests/unit/orm/test_fields_module_symbols.py::TestDetermine::test_a_subject_that_is_none_is_refused
ERROR tests/unit/orm/test_fields_properties.py::TestPortedSurface::test_the_properties_methods_are_installed
ERROR tests/unit/orm/test_fields_properties.py::TestPortedSurface::test_the_definition_methods_are_installed
ERROR tests/unit/orm/test_fields_properties.py::TestPortedSurface::test_the_underscore_prefix_is_preserved
ERROR tests/unit/orm/test_fields_properties.py::TestPortedSurface::test_the_exempted_public_form_is_the_field_parameter
ERROR tests/unit/orm/test_fields_properties.py::TestPortedSurface::test_the_definition_is_no_longer_an_alias
ERROR tests/unit/orm/test_fields_properties.py::TestPortedSurface::test_the_column_path_does_not_move
ERROR tests/unit/orm/test_fields_properties.py::TestDefinitionWiring::test_the_triad_is_split
ERROR tests/unit/orm/test_fields_properties.py::TestDefinitionWiring::test_every_declaration_resolves_end_to_end
ERROR tests/unit/orm/test_fields_properties.py::TestDefinitionWiring::test_a_malformed_definition_is_rejected
ERROR tests/unit/orm/test_fields_properties.py::TestDefinitionValidation::test_the_property_name_is_bounded
ERROR tests/unit/orm/test_fields_properties.py::TestReadIsHonest::test_a_retired_selection_option_reads_false
ERROR tests/unit/orm/test_fields_properties.py::TestReadIsHonest::test_a_tag_outside_the_container_is_dropped
ERROR tests/unit/orm/test_fields_properties.py::TestReadIsHonest::test_a_many2one_to_a_missing_row_reads_false
ERROR tests/unit/orm/test_fields_properties.py::TestReadIsHonest::test_a_many2many_drops_duplicates_and_preserves_order
ERROR tests/unit/orm/test_fields_properties.py::TestReadIsHonest::test_an_html_property_without_the_suffix_reads_false
ERROR tests/unit/orm/test_fields_properties.py::TestReadIsHonest::test_an_unknown_type_raises
ERROR tests/unit/orm/test_fields_properties.py::TestReadIsHonest::test_the_record_format_is_a_mapping
ERROR tests/unit/orm/test_fields_properties.py::TestReadIsHonest::test_the_export_format_unwraps_the_property
ERROR tests/unit/orm/test_fields_properties.py::TestSearchByProperty::test_equality_also_checks_the_list_subset
ERROR tests/unit/orm/test_fields_properties.py::TestSearchByProperty::test_several_values_use_contained_by
ERROR tests/unit/orm/test_fields_properties.py::TestSearchByProperty::test_a_text_operator_uses_the_text_arrow
ERROR tests/unit/orm/test_fields_properties.py::TestSearchByProperty::test_a_comparison_keeps_the_json_arrow
ERROR tests/unit/orm/test_fields_properties.py::TestSearchByProperty::test_the_generic_compiler_would_miss_the_containment
ERROR tests/unit/orm/test_fields_properties.py::TestSearchByProperty::test_an_invalid_operator_is_named
ERROR tests/unit/orm/test_fields_properties.py::TestSearchByProperty::test_a_path_without_property_name_is_rejected
ERROR tests/unit/orm/test_fields_related.py::TestTheTraversalOrder::test_it_walks_field_by_field_not_record_by_record
ERROR tests/unit/orm/test_fields_related.py::TestTraverseRelated::test_it_stops_before_the_last_field
ERROR tests/unit/orm/test_fields_related.py::TestTraverseRelated::test_an_empty_container_is_kept_not_dropped
ERROR tests/unit/orm/test_fields_related.py::TestInverseRelated::test_it_reads_every_value_before_writing_any
ERROR tests/unit/orm/test_fields_related.py::TestInverseRelated::test_it_does_not_cross_the_saved_boundary
ERROR tests/unit/orm/test_fields_related.py::TestTheSmallOnes::test_prepare_setup_reopens_the_setup
ERROR tests/unit/orm/test_fields_related.py::TestTheSmallOnes::test_setup_nonrelated_is_the_empty_hook
ERROR tests/unit/orm/test_fields_related.py::TestTheSmallOnes::test_process_related_does_not_transform
ERROR tests/unit/orm/test_fields_related.py::TestResolveDepends::test_a_field_without_declarations_yields_nothing
ERROR tests/unit/orm/test_fields_related.py::TestResolveDepends::test_an_unknown_model_yields_nothing_instead_of_raising
ERROR tests/unit/orm/test_fields_relational_update_inverse.py::TestTheSingleRecordIdIsTheAdaptationOfRecordId::test_the_empty_set_is_false
ERROR tests/unit/orm/test_fields_relational_update_inverse.py::TestTheSingleRecordIdIsTheAdaptationOfRecordId::test_one_row_gives_its_id
ERROR tests/unit/orm/test_fields_relational_update_inverse.py::TestTheSingleRecordIdIsTheAdaptationOfRecordId::test_more_than_one_row_is_a_programming_error
ERROR tests/unit/orm/test_fields_relational_update_inverse.py::TestTheSingleRecordIdIsTheAdaptationOfRecordId::test_a_bare_int_travels_raw
ERROR tests/unit/orm/test_fields_relational_update_inverse.py::TestTheSingleRecordIdIsTheAdaptationOfRecordId::test_a_bare_new_id_travels_raw_too
ERROR tests/unit/orm/test_fields_relational_update_inverse.py::TestTheGenericContractRefuses::test_the_base_relational_raises_not_implemented
ERROR tests/unit/orm/test_fields_relational_update_inverse.py::TestTheGenericContractRefuses::test_every_class_got_its_own_implementation
ERROR tests/unit/orm/test_fields_relational_update_inverse.py::TestTheMany2oneConvertsToTheCacheFormat::test_an_int_is_the_id_itself
ERROR tests/unit/orm/test_fields_relational_update_inverse.py::TestTheMany2oneConvertsToTheCacheFormat::test_a_new_id_is_the_id_itself
ERROR tests/unit/orm/test_fields_relational_update_inverse.py::TestTheMany2oneConvertsToTheCacheFormat::test_a_pair_gives_its_first_element
ERROR tests/unit/orm/test_fields_relational_update_inverse.py::TestTheMany2oneConvertsToTheCacheFormat::test_an_empty_tuple_is_none
ERROR tests/unit/orm/test_fields_relational_update_inverse.py::TestTheMany2oneConvertsToTheCacheFormat::test_anything_else_is_none
ERROR tests/unit/orm/test_fields_relational_update_inverse.py::TestTheMany2oneConvertsToTheCacheFormat::test_a_dict_declares_its_blockage_and_names_its_successor
ERROR tests/unit/orm/test_fields_relational_update_inverse.py::TestTheUniquifierIsLazy::test_it_yields_before_consuming_the_rest
ERROR tests/unit/orm/test_fields_relational_update_inverse.py::TestTheUniquifierIsLazy::test_it_drops_the_repetition_keeping_the_order
ERROR tests/unit/orm/test_fields_relational_update_inverse.py::TestTheUniquifierIsLazy::test_it_chains_like_its_consumer_does
ERROR tests/unit/orm/test_fields_relational_update_inverse.py::TestTheUniquifierIsLazy::test_a_field_that_is_not_an_x2many_is_refused
ERROR tests/unit/orm/test_fields_temporal_to_string.py::test_date_to_string_uses_the_server_date_format
ERROR tests/unit/orm/test_fields_temporal_to_string.py::test_date_to_string_truncates_the_time_part
ERROR tests/unit/orm/test_fields_temporal_to_string.py::test_date_to_string_truncates_the_timezone
ERROR tests/unit/orm/test_fields_temporal_to_string.py::test_date_to_string_returns_false_for_a_falsy_value
ERROR tests/unit/orm/test_fields_temporal_to_string.py::test_datetime_to_string_uses_the_server_datetime_format
ERROR tests/unit/orm/test_fields_temporal_to_string.py::test_datetime_to_string_drops_the_microseconds
ERROR tests/unit/orm/test_fields_temporal_to_string.py::test_datetime_to_string_puts_a_bare_date_at_midnight
ERROR tests/unit/orm/test_fields_temporal_to_string.py::test_datetime_to_string_keeps_the_wall_clock_of_an_aware_value
ERROR tests/unit/orm/test_fields_temporal_to_string.py::test_datetime_to_string_returns_false_for_a_falsy_value
ERROR tests/unit/orm/test_filtered_domain.py::TestAsPredicate::test_true_admits_every_record
ERROR tests/unit/orm/test_filtered_domain.py::TestAsPredicate::test_false_admits_no_record
ERROR tests/unit/orm/test_filtered_domain.py::TestAsPredicate::test_an_empty_collection_collapses_to_a_constant
ERROR tests/unit/orm/test_filtered_domain.py::TestAsPredicate::test_without_a_model_it_refuses_instead_of_guessing
ERROR tests/unit/orm/test_filtered_domain.py::TestAsPredicate::test_a_relation_traversal_refuses_in_memory
ERROR tests/unit/orm/test_filtered_domain.py::TestAsPredicate::test_a_custom_domain_without_predicate_says_so
ERROR tests/unit/orm/test_filtered_domain.py::TestAsPredicate::test_a_custom_domain_uses_the_predicate_it_was_given
ERROR tests/unit/orm/test_filtered_domain.py::TestFilterFunction::test_it_refuses_a_negative_operator
ERROR tests/unit/orm/test_filtered_domain.py::TestFilterFunction::test_in_with_an_empty_collection_refuses
ERROR tests/unit/orm/test_filtered_domain.py::TestFilterFunction::test_an_unknown_operator_refuses
ERROR tests/unit/orm/test_filtered_domain.py::TestFilterFunction::test_the_getter_refuses_an_expression_it_cannot_read
ERROR tests/unit/orm/test_filtered_domain.py::TestFilterFunction::test_the_like_pattern_escapes_the_regex_metacharacters
ERROR tests/unit/orm/test_filtered_domain.py::TestFilterFunction::test_the_backslash_escapes_the_sql_wildcard
ERROR tests/unit/orm/test_filtered_domain.py::TestFilterFunction::test_underscore_matches_exactly_one_character
ERROR tests/unit/orm/test_filtered_domain.py::TestNegativeOperatorsStayInSync::test_the_copy_covers_the_same_operators
ERROR tests/unit/orm/test_fk_column_naming.py::TestTheColumnCarriesTheReferenceName::test_the_column_is_the_symbol_not_its_attname[account_invoice_report.move_id]
ERROR tests/unit/orm/test_fk_column_naming.py::TestTheColumnCarriesTheReferenceName::test_the_column_is_the_symbol_not_its_attname[account_invoice_report.journal_id]
ERROR tests/unit/orm/test_fk_column_naming.py::TestTheColumnCarriesTheReferenceName::test_the_column_is_the_symbol_not_its_attname[account_invoice_report.company_id]
ERROR tests/unit/orm/test_fk_column_naming.py::TestTheColumnCarriesTheReferenceName::test_the_column_is_the_symbol_not_its_attname[account_invoice_report.company_currency_id]
ERROR tests/unit/orm/test_fk_column_naming.py::TestTheColumnCarriesTheReferenceName::test_the_column_is_the_symbol_not_its_attname[account_invoice_report.partner_id]
ERROR tests/unit/orm/test_fk_column_naming.py::TestTheColumnCarriesTheReferenceName::test_the_column_is_the_symbol_not_its_attname[account_invoice_report.commercial_partner_id]
ERROR tests/unit/orm/test_fk_column_naming.py::TestTheColumnCarriesTheReferenceName::test_the_column_is_the_symbol_not_its_attname[account_invoice_report.country_id]
ERROR tests/unit/orm/test_fk_column_naming.py::TestTheColumnCarriesTheReferenceName::test_the_column_is_the_symbol_not_its_attname[account_invoice_report.invoice_user_id]
ERROR tests/unit/orm/test_fk_column_naming.py::TestTheColumnCarriesTheReferenceName::test_the_column_is_the_symbol_not_its_attname[account_invoice_report.fiscal_position_id]
ERROR tests/unit/orm/test_fk_column_naming.py::TestTheColumnCarriesTheReferenceName::test_the_column_is_the_symbol_not_its_attname[account_invoice_report.product_id]
ERROR tests/unit/orm/test_fk_column_naming.py::TestTheColumnCarriesTheReferenceName::test_the_column_is_the_symbol_not_its_attname[account_invoice_report.product_uom_id]
ERROR tests/unit/orm/test_fk_column_naming.py::TestTheColumnCarriesTheReferenceName::test_the_column_is_the_symbol_not_its_attname[account_invoice_report.product_categ_id]
ERROR tests/unit/orm/test_fk_column_naming.py::TestTheColumnCarriesTheReferenceName::test_the_column_is_the_symbol_not_its_attname[account_invoice_report.account_id]
ERROR tests/unit/orm/test_fk_column_naming.py::TestTheColumnCarriesTheReferenceName::test_the_column_is_the_symbol_not_its_attname[account_invoice_report.currency_id]
ERROR tests/unit/orm/test_fk_column_naming.py::TestTheColumnCarriesTheReferenceName::test_the_column_is_the_symbol_not_its_attname[db_backup_details.db_backup_id]
ERROR tests/unit/orm/test_fk_column_naming.py::TestTheColumnCarriesTheReferenceName::test_the_column_is_the_symbol_not_its_attname[base_automation.model_id]
ERROR tests/unit/orm/test_fk_column_naming.py::TestTheColumnCarriesTheReferenceName::test_the_column_is_the_symbol_not_its_attname[base_automation.trg_date_id]
ERROR tests/unit/orm/test_fk_column_naming.py::TestTheColumnCarriesTheReferenceName::test_the_column_is_the_symbol_not_its_attname[stock_picking_type.sequence_id]
ERROR tests/unit/orm/test_fk_column_naming.py::TestTheColumnCarriesTheReferenceName::test_the_column_is_the_symbol_not_its_attname[utm_campaign.user_id]
ERROR tests/unit/orm/test_fk_column_naming.py::TestTheColumnCarriesTheReferenceName::test_the_column_is_the_symbol_not_its_attname[utm_campaign.stage_id]
ERROR tests/unit/orm/test_fk_column_naming.py::TestTheColumnCarriesTheReferenceName::test_the_column_is_the_symbol_not_its_attname[hr_applicant.campaign_id]
ERROR tests/unit/orm/test_fk_column_naming.py::TestTheColumnCarriesTheReferenceName::test_the_column_is_the_symbol_not_its_attname[hr_applicant.source_id]
ERROR tests/unit/orm/test_fk_column_naming.py::TestTheColumnCarriesTheReferenceName::test_the_column_is_the_symbol_not_its_attname[hr_applicant.medium_id]
ERROR tests/unit/orm/test_fk_column_naming.py::TestTheColumnCarriesTheReferenceName::test_the_column_is_the_symbol_not_its_attname[hr_recruitment_source.source_id]
ERROR tests/unit/orm/test_fk_column_naming.py::TestTheColumnCarriesTheReferenceName::test_the_attname_still_doubles_the_suffix[account_invoice_report.move_id]
ERROR tests/unit/orm/test_fk_column_naming.py::TestTheColumnCarriesTheReferenceName::test_the_attname_still_doubles_the_suffix[account_invoice_report.journal_id]
ERROR tests/unit/orm/test_fk_column_naming.py::TestTheColumnCarriesTheReferenceName::test_the_attname_still_doubles_the_suffix[account_invoice_report.company_id]
ERROR tests/unit/orm/test_fk_column_naming.py::TestTheColumnCarriesTheReferenceName::test_the_attname_still_doubles_the_suffix[account_invoice_report.company_currency_id]
ERROR tests/unit/orm/test_fk_column_naming.py::TestTheColumnCarriesTheReferenceName::test_the_attname_still_doubles_the_suffix[account_invoice_report.partner_id]
ERROR tests/unit/orm/test_fk_column_naming.py::TestTheColumnCarriesTheReferenceName::test_the_attname_still_doubles_the_suffix[account_invoice_report.commercial_partner_id]
ERROR tests/unit/orm/test_fk_column_naming.py::TestTheColumnCarriesTheReferenceName::test_the_attname_still_doubles_the_suffix[account_invoice_report.country_id]
ERROR tests/unit/orm/test_fk_column_naming.py::TestTheColumnCarriesTheReferenceName::test_the_attname_still_doubles_the_suffix[account_invoice_report.invoice_user_id]
ERROR tests/unit/orm/test_fk_column_naming.py::TestTheColumnCarriesTheReferenceName::test_the_attname_still_doubles_the_suffix[account_invoice_report.fiscal_position_id]
ERROR tests/unit/orm/test_fk_column_naming.py::TestTheColumnCarriesTheReferenceName::test_the_attname_still_doubles_the_suffix[account_invoice_report.product_id]
ERROR tests/unit/orm/test_fk_column_naming.py::TestTheColumnCarriesTheReferenceName::test_the_attname_still_doubles_the_suffix[account_invoice_report.product_uom_id]
ERROR tests/unit/orm/test_fk_column_naming.py::TestTheColumnCarriesTheReferenceName::test_the_attname_still_doubles_the_suffix[account_invoice_report.product_categ_id]
ERROR tests/unit/orm/test_fk_column_naming.py::TestTheColumnCarriesTheReferenceName::test_the_attname_still_doubles_the_suffix[account_invoice_report.account_id]
ERROR tests/unit/orm/test_fk_column_naming.py::TestTheColumnCarriesTheReferenceName::test_the_attname_still_doubles_the_suffix[account_invoice_report.currency_id]
ERROR tests/unit/orm/test_fk_column_naming.py::TestTheColumnCarriesTheReferenceName::test_the_attname_still_doubles_the_suffix[db_backup_details.db_backup_id]
ERROR tests/unit/orm/test_fk_column_naming.py::TestTheColumnCarriesTheReferenceName::test_the_attname_still_doubles_the_suffix[base_automation.model_id]
ERROR tests/unit/orm/test_fk_column_naming.py::TestTheColumnCarriesTheReferenceName::test_the_attname_still_doubles_the_suffix[base_automation.trg_date_id]
ERROR tests/unit/orm/test_fk_column_naming.py::TestTheColumnCarriesTheReferenceName::test_the_attname_still_doubles_the_suffix[stock_picking_type.sequence_id]
ERROR tests/unit/orm/test_fk_column_naming.py::TestTheColumnCarriesTheReferenceName::test_the_attname_still_doubles_the_suffix[utm_campaign.user_id]
ERROR tests/unit/orm/test_fk_column_naming.py::TestTheColumnCarriesTheReferenceName::test_the_attname_still_doubles_the_suffix[utm_campaign.stage_id]
ERROR tests/unit/orm/test_fk_column_naming.py::TestTheColumnCarriesTheReferenceName::test_the_attname_still_doubles_the_suffix[hr_applicant.campaign_id]
ERROR tests/unit/orm/test_fk_column_naming.py::TestTheColumnCarriesTheReferenceName::test_the_attname_still_doubles_the_suffix[hr_applicant.source_id]
ERROR tests/unit/orm/test_fk_column_naming.py::TestTheColumnCarriesTheReferenceName::test_the_attname_still_doubles_the_suffix[hr_applicant.medium_id]
ERROR tests/unit/orm/test_fk_column_naming.py::TestTheColumnCarriesTheReferenceName::test_the_attname_still_doubles_the_suffix[hr_recruitment_source.source_id]
ERROR tests/unit/orm/test_fk_column_naming.py::TestTheAbstractMixinPropagatesItsColumn::test_the_declaration_lives_in_the_abstract_parent
ERROR tests/unit/orm/test_fk_column_naming.py::TestTheAbstractMixinPropagatesItsColumn::test_the_source_mixin_declares_its_own
ERROR tests/unit/orm/test_fk_three_axes.py::TestDjangoSeparatesThreeAxes::test_the_symbol_carries_the_descriptor_that_returns_the_object
ERROR tests/unit/orm/test_fk_three_axes.py::TestDjangoSeparatesThreeAxes::test_the_attname_carries_the_raw_pk_and_doubles_the_suffix
ERROR tests/unit/orm/test_fk_three_axes.py::TestDjangoSeparatesThreeAxes::test_the_column_is_the_third_axis_and_db_column_governs_it
ERROR tests/unit/orm/test_fk_three_axes.py::TestDjangoSeparatesThreeAxes::test_without_db_column_the_column_would_inherit_the_double_suffix
ERROR tests/unit/orm/test_fk_three_axes.py::TestPostgresConsequences::test_the_identifier_limit_is_the_postgres_one
ERROR tests/unit/orm/test_level_one_symbols.py::TestAttrsetterMarksTheMethodAndReturnsIt::test_it_sets_the_attribute
ERROR tests/unit/orm/test_level_one_symbols.py::TestAttrsetterMarksTheMethodAndReturnsIt::test_it_returns_the_same_object_so_it_composes
ERROR tests/unit/orm/test_level_one_symbols.py::TestAttrsetterMarksTheMethodAndReturnsIt::test_the_setter_is_reusable
ERROR tests/unit/orm/test_level_one_symbols.py::TestCheckMethodNameRefusesThePrivateName::test_a_public_name_passes
ERROR tests/unit/orm/test_level_one_symbols.py::TestCheckMethodNameRefusesThePrivateName::test_an_underscore_name_is_refused
ERROR tests/unit/orm/test_level_one_symbols.py::TestCheckMethodNameRefusesThePrivateName::test_init_is_refused_too
ERROR tests/unit/orm/test_level_one_symbols.py::TestCheckMethodNameRefusesThePrivateName::test_the_message_names_the_method
ERROR tests/unit/orm/test_level_one_symbols.py::TestCheckMethodNameRefusesThePrivateName::test_it_warns_that_it_is_deprecated_since_19
ERROR tests/unit/orm/test_level_one_symbols.py::TestOriginIdsYieldsTheOriginOfEachId::test_a_real_id_comes_through_as_is
ERROR tests/unit/orm/test_level_one_symbols.py::TestOriginIdsYieldsTheOriginOfEachId::test_a_new_id_yields_its_origin
ERROR tests/unit/orm/test_level_one_symbols.py::TestOriginIdsYieldsTheOriginOfEachId::test_a_new_id_without_origin_is_dropped
ERROR tests/unit/orm/test_level_one_symbols.py::TestOriginIdsYieldsTheOriginOfEachId::test_it_mixes_both_kinds_preserving_order
ERROR tests/unit/orm/test_level_one_symbols.py::TestOriginIdsYieldsTheOriginOfEachId::test_it_is_reversible
ERROR tests/unit/orm/test_level_one_symbols.py::TestOriginIdsYieldsTheOriginOfEachId::test_the_reverse_filters_the_same_way
ERROR tests/unit/orm/test_level_one_symbols.py::TestOriginIdsYieldsTheOriginOfEachId::test_it_can_be_walked_twice
ERROR tests/unit/orm/test_level_one_symbols.py::TestUnaccentWrapsByType::test_a_plain_string_comes_back_as_a_string
ERROR tests/unit/orm/test_level_one_symbols.py::TestUnaccentWrapsByType::test_a_sql_wrapper_comes_back_as_a_sql_wrapper
ERROR tests/unit/orm/test_level_one_symbols.py::TestUnaccentWrapsByType::test_a_composable_comes_back_composed
ERROR tests/unit/orm/test_level_one_symbols.py::TestUnaccentWrapsByType::test_the_sql_branch_keeps_the_parameters
ERROR tests/unit/orm/test_level_one_symbols.py::TestParseReadGroupSpecSplitsTheThreeParts::test_a_bare_field_gives_only_the_name
ERROR tests/unit/orm/test_level_one_symbols.py::TestParseReadGroupSpecSplitsTheThreeParts::test_the_colon_separates_the_aggregate
ERROR tests/unit/orm/test_level_one_symbols.py::TestParseReadGroupSpecSplitsTheThreeParts::test_the_dot_separates_the_property
ERROR tests/unit/orm/test_level_one_symbols.py::TestParseReadGroupSpecSplitsTheThreeParts::test_it_reads_the_three_parts_at_once
ERROR tests/unit/orm/test_level_one_symbols.py::TestParseReadGroupSpecSplitsTheThreeParts::test_a_nested_property_keeps_its_dots
ERROR tests/unit/orm/test_level_one_symbols.py::TestParseReadGroupSpecSplitsTheThreeParts::test_an_unparseable_spec_is_refused
ERROR tests/unit/orm/test_level_one_symbols.py::TestReversibleComparatorOrdersWithNoneAndDirection::test_it_sorts_ascending_by_default
ERROR tests/unit/orm/test_level_one_symbols.py::TestReversibleComparatorOrdersWithNoneAndDirection::test_reverse_flips_the_order_inside_the_key
ERROR tests/unit/orm/test_level_one_symbols.py::TestReversibleComparatorOrdersWithNoneAndDirection::test_none_goes_last_by_default
ERROR tests/unit/orm/test_level_one_symbols.py::TestReversibleComparatorOrdersWithNoneAndDirection::test_none_first_moves_it_to_the_head
ERROR tests/unit/orm/test_level_one_symbols.py::TestReversibleComparatorOrdersWithNoneAndDirection::test_none_keeps_its_place_under_reverse
ERROR tests/unit/orm/test_level_one_symbols.py::TestReversibleComparatorOrdersWithNoneAndDirection::test_two_nones_compare_equal
ERROR tests/unit/orm/test_level_one_symbols.py::TestReversibleComparatorOrdersWithNoneAndDirection::test_it_hashes_by_the_item
ERROR tests/unit/orm/test_level_one_symbols.py::TestReversibleComparatorOrdersWithNoneAndDirection::test_the_repr_names_the_direction
ERROR tests/unit/orm/test_level_one_symbols.py::TestReversibleComparatorOrdersWithNoneAndDirection::test_total_ordering_gives_the_other_three_operators
ERROR tests/unit/orm/test_level_one_symbols.py::TestTheTwoModelBases::test_the_persisted_base_is_the_one_django_gives
ERROR tests/unit/orm/test_level_one_symbols.py::TestTheTwoModelBases::test_the_abstract_base_declares_the_four_of_the_source
ERROR tests/unit/orm/test_level_one_symbols.py::TestTheTwoModelBases::test_the_abstract_base_is_not_a_django_model
ERROR tests/unit/orm/test_level_one_symbols.py::TestTheTwoModelBases::test_it_is_the_base_of_the_two_registrants_without_table
ERROR tests/unit/orm/test_level_one_symbols.py::TestLangProxyDictViewsOneLanguageOfTheCache::test_it_reads_the_value_of_its_language
ERROR tests/unit/orm/test_level_one_symbols.py::TestLangProxyDictViewsOneLanguageOfTheCache::test_a_stored_field_does_not_fall_back
ERROR tests/unit/orm/test_level_one_symbols.py::TestLangProxyDictViewsOneLanguageOfTheCache::test_a_field_without_column_falls_back_to_the_base_locale
ERROR tests/unit/orm/test_level_one_symbols.py::TestLangProxyDictViewsOneLanguageOfTheCache::test_a_new_id_without_origin_falls_back_too
ERROR tests/unit/orm/test_level_one_symbols.py::TestLangProxyDictViewsOneLanguageOfTheCache::test_a_computed_field_does_not_fall_back
ERROR tests/unit/orm/test_level_one_symbols.py::TestLangProxyDictViewsOneLanguageOfTheCache::test_a_none_value_comes_back_as_none
ERROR tests/unit/orm/test_level_one_symbols.py::TestLangProxyDictViewsOneLanguageOfTheCache::test_a_missing_key_gives_the_default
ERROR tests/unit/orm/test_level_one_symbols.py::TestLangProxyDictViewsOneLanguageOfTheCache::test_writing_creates_the_language_bucket
ERROR tests/unit/orm/test_level_one_symbols.py::TestLangProxyDictViewsOneLanguageOfTheCache::test_writing_a_field_without_column_seeds_the_base_locale
ERROR tests/unit/orm/test_level_one_symbols.py::TestLangProxyDictViewsOneLanguageOfTheCache::test_writing_none_wipes_the_whole_bucket
ERROR tests/unit/orm/test_level_one_symbols.py::TestLangProxyDictViewsOneLanguageOfTheCache::test_deleting_pops_only_its_language
ERROR tests/unit/orm/test_level_one_symbols.py::TestLangProxyDictViewsOneLanguageOfTheCache::test_it_iterates_the_keys_of_its_language
ERROR tests/unit/orm/test_level_one_symbols.py::TestLangProxyDictViewsOneLanguageOfTheCache::test_clear_pops_its_language_from_every_bucket
ERROR tests/unit/orm/test_level_one_symbols.py::TestLangProxyDictViewsOneLanguageOfTheCache::test_the_repr_names_the_language_and_the_size
ERROR tests/unit/orm/test_level_two_symbols.py::TestDependsContextMarksTheContextKeys::test_it_stores_the_keys_and_returns_the_method
ERROR tests/unit/orm/test_level_two_symbols.py::TestDependsContextMarksTheContextKeys::test_it_returns_the_same_object_so_it_composes
ERROR tests/unit/orm/test_level_two_symbols.py::TestDependsContextMarksTheContextKeys::test_without_keys_it_stores_the_empty_tuple
ERROR tests/unit/orm/test_level_two_symbols.py::TestDependsContextMarksTheContextKeys::test_the_reader_of_this_marker_already_exists
ERROR tests/unit/orm/test_level_two_symbols.py::TestOndeleteMarksTheUnlinkPolicy::test_it_stores_the_flag_and_returns_the_method
ERROR tests/unit/orm/test_level_two_symbols.py::TestOndeleteMarksTheUnlinkPolicy::test_it_stores_true_when_the_check_survives_uninstall
ERROR tests/unit/orm/test_level_two_symbols.py::TestOndeleteMarksTheUnlinkPolicy::test_the_flag_is_keyword_only
ERROR tests/unit/orm/test_level_two_symbols.py::TestOndeleteMarksTheUnlinkPolicy::test_it_is_required
ERROR tests/unit/orm/test_level_two_symbols.py::TestRaiseOnInvalidObjectNameRefusesTheBadName::test_a_valid_name_passes_silently
ERROR tests/unit/orm/test_level_two_symbols.py::TestRaiseOnInvalidObjectNameRefusesTheBadName::test_an_uppercase_name_is_refused
ERROR tests/unit/orm/test_level_two_symbols.py::TestRaiseOnInvalidObjectNameRefusesTheBadName::test_a_name_with_a_dash_is_refused
ERROR tests/unit/orm/test_level_two_symbols.py::TestRaiseOnInvalidObjectNameRefusesTheBadName::test_the_message_names_the_offender
ERROR tests/unit/orm/test_level_two_symbols.py::TestTheThreeSiblingsGainTheirMissingHalf::test_depends_stores_the_field_names
ERROR tests/unit/orm/test_level_two_symbols.py::TestTheThreeSiblingsGainTheirMissingHalf::test_depends_accepts_a_single_callable
ERROR tests/unit/orm/test_level_two_symbols.py::TestTheThreeSiblingsGainTheirMissingHalf::test_depends_refuses_the_id_field
ERROR tests/unit/orm/test_level_two_symbols.py::TestTheThreeSiblingsGainTheirMissingHalf::test_depends_refuses_id_inside_a_dotted_chain
ERROR tests/unit/orm/test_level_two_symbols.py::TestTheThreeSiblingsGainTheirMissingHalf::test_constrains_accepts_a_single_callable
ERROR tests/unit/orm/test_level_two_symbols.py::TestTheThreeSiblingsGainTheirMissingHalf::test_constrains_stores_the_field_names
ERROR tests/unit/orm/test_level_two_symbols.py::TestTheThreeSiblingsGainTheirMissingHalf::test_onchange_stores_the_field_names
ERROR tests/unit/orm/test_level_two_symbols.py::TestTheThreeSiblingsGainTheirMissingHalf::test_the_five_decorators_go_through_attrsetter
ERROR tests/unit/orm/test_many2one_ondelete.py::TestTheThreeValuesOfTheLiteral::test_each_value_maps_to_its_policy[cascade-CASCADE]
ERROR tests/unit/orm/test_many2one_ondelete.py::TestTheThreeValuesOfTheLiteral::test_each_value_maps_to_its_policy[set null-SET_NULL]
ERROR tests/unit/orm/test_many2one_ondelete.py::TestTheThreeValuesOfTheLiteral::test_each_value_maps_to_its_policy[restrict-RESTRICT]
ERROR tests/unit/orm/test_many2one_ondelete.py::TestTheThreeValuesOfTheLiteral::test_restrict_is_the_sql_clause_not_the_python_guard
ERROR tests/unit/orm/test_many2one_ondelete.py::TestTheDefaultWhenNothingIsDeclared::test_optional_and_undeclared_gives_set_null
ERROR tests/unit/orm/test_many2one_ondelete.py::TestTheTwoProgrammingErrorsOfTheSource::test_set_null_on_a_required_field_is_refused
ERROR tests/unit/orm/test_many2one_ondelete.py::TestTheTwoProgrammingErrorsOfTheSource::test_restrict_towards_a_registry_model_is_refused
ERROR tests/unit/orm/test_many2one_ondelete.py::TestTheDjangoVocabularyStaysAlive::test_on_delete_of_django_still_works
ERROR tests/unit/orm/test_many2one_ondelete_transient.py::TestTheThirdCaseOfTheSource::test_required_towards_a_persistent_model_cascades
ERROR tests/unit/orm/test_many2one_ondelete_transient.py::TestTheThirdCaseOfTheSource::test_optional_towards_a_persistent_model_sets_null
ERROR tests/unit/orm/test_many2one_ondelete_transient.py::TestTheBranchDoesNotSwallowTheOtherTwo::test_a_persistent_model_still_restricts
ERROR tests/unit/orm/test_many2one_ondelete_transient.py::TestTheBranchDoesNotSwallowTheOtherTwo::test_a_wizard_towards_another_wizard_restricts
ERROR tests/unit/orm/test_many2one_ondelete_transient.py::TestTheReaderAnswersForAnyModelClass::test_a_transient_model_answers_true
ERROR tests/unit/orm/test_many2one_ondelete_transient.py::TestTheReaderAnswersForAnyModelClass::test_a_persistent_model_answers_false
ERROR tests/unit/orm/test_many2one_ondelete_transient.py::TestTheReaderAnswersForAnyModelClass::test_the_classmethod_of_the_source_is_ported_where_it_declares_it
ERROR tests/unit/orm/test_marked_method_collectors.py::TestTheCallableFormIsResolvedWithoutDestroyingIt::test_the_resolved_names_come_from_calling_it
ERROR tests/unit/orm/test_marked_method_collectors.py::TestTheCallableFormIsResolvedWithoutDestroyingIt::test_the_original_keeps_its_callable
ERROR tests/unit/orm/test_marked_method_collectors.py::TestTheCallableFormIsResolvedWithoutDestroyingIt::test_it_re_resolves_after_the_reset
ERROR tests/unit/orm/test_marked_method_collectors.py::TestTheCallableFormIsResolvedWithoutDestroyingIt::test_the_wrapper_still_calls_the_original
ERROR tests/unit/orm/test_marked_method_collectors.py::TestItWarnsAboutADeclaredNameThatIsNotAWriteableField::test_a_name_that_is_not_a_field_warns
ERROR tests/unit/orm/test_marked_method_collectors.py::TestItWarnsAboutADeclaredNameThatIsNotAWriteableField::test_the_warning_names_the_model_the_method_and_the_field
ERROR tests/unit/orm/test_marked_method_collectors.py::TestItWarnsAboutADeclaredNameThatIsNotAWriteableField::test_a_real_field_does_not_warn
ERROR tests/unit/orm/test_marked_method_collectors.py::TestConstraintMethodsCollectsTheMarkedOnes::test_it_finds_both_marked_methods
ERROR tests/unit/orm/test_marked_method_collectors.py::TestConstraintMethodsCollectsTheMarkedOnes::test_an_unmarked_method_stays_out
ERROR tests/unit/orm/test_marked_method_collectors.py::TestConstraintMethodsCollectsTheMarkedOnes::test_a_model_without_markers_gives_the_empty_tuple
ERROR tests/unit/orm/test_marked_method_collectors.py::TestConstraintMethodsCollectsTheMarkedOnes::test_each_method_keeps_its_declared_field_names
ERROR tests/unit/orm/test_marked_method_collectors.py::TestOndeleteMethodsCollectsTheMarkedOnes::test_it_finds_both_marked_methods
ERROR tests/unit/orm/test_marked_method_collectors.py::TestOndeleteMethodsCollectsTheMarkedOnes::test_a_model_without_markers_gives_the_empty_tuple
ERROR tests/unit/orm/test_marked_method_collectors.py::TestOndeleteMethodsCollectsTheMarkedOnes::test_the_at_uninstall_flag_survives_the_collection
ERROR tests/unit/orm/test_marked_method_collectors.py::TestOnchangeMethodsMapsFieldNameToMethod::test_the_field_name_keys_the_map
ERROR tests/unit/orm/test_marked_method_collectors.py::TestOnchangeMethodsMapsFieldNameToMethod::test_a_field_without_method_is_absent
ERROR tests/unit/orm/test_marked_method_collectors.py::TestOnchangeMethodsMapsFieldNameToMethod::test_a_model_without_markers_gives_the_empty_map
ERROR tests/unit/orm/test_marked_method_collectors.py::TestTheCollectorsAreDerivedAndClearable::test_clearing_makes_the_next_read_see_a_method_added_after
ERROR tests/unit/orm/test_method_chain.py::test_instance_method_relays_when_new_returns_none
ERROR tests/unit/orm/test_method_chain.py::test_classmethod_chain_does_not_leak_self
ERROR tests/unit/orm/test_method_chain.py::test_classmethod_stays_a_classmethod
ERROR tests/unit/orm/test_method_chain.py::test_classmethod_chain_of_three - ...
ERROR tests/unit/orm/test_method_chain.py::test_classmethod_chain_is_idempotent
ERROR tests/unit/orm/test_method_chain.py::test_classmethod_combine - KeyErro...
ERROR tests/unit/orm/test_method_chain.py::test_staticmethod_chain_takes_no_first_argument
ERROR tests/unit/orm/test_method_chain.py::test_installs_new_method_when_there_is_no_previous
ERROR tests/unit/orm/test_method_chain.py::test_installs_new_classmethod_when_there_is_no_previous
ERROR tests/unit/orm/test_method_chain.py::test_refuses_to_clobber_a_property
ERROR tests/unit/orm/test_model_class_construction.py::TestIsAbstractReadsWhereThisStackKeepsIt::test_a_registrant_without_table_is_abstract
ERROR tests/unit/orm/test_model_class_construction.py::TestIsAbstractReadsWhereThisStackKeepsIt::test_a_django_abstract_meta_is_abstract
ERROR tests/unit/orm/test_model_class_construction.py::TestIsAbstractReadsWhereThisStackKeepsIt::test_a_concrete_model_is_not
ERROR tests/unit/orm/test_model_class_construction.py::TestIsTransientReadsTheDeclaredAttribute::test_the_transient_base_is_transient
ERROR tests/unit/orm/test_model_class_construction.py::TestIsTransientReadsTheDeclaredAttribute::test_a_regular_model_is_not
ERROR tests/unit/orm/test_model_class_construction.py::TestCheckModelBasesRefusesAKindChange::test_the_whole_live_tree_passes
ERROR tests/unit/orm/test_model_class_construction.py::TestCheckModelBasesRefusesAKindChange::test_an_abstract_that_inherits_a_concrete_one_is_refused
ERROR tests/unit/orm/test_model_class_construction.py::TestCheckModelBasesRefusesAKindChange::test_a_transient_that_inherits_a_regular_one_is_refused
ERROR tests/unit/orm/test_model_class_construction.py::TestCheckModelBasesRefusesAKindChange::test_a_regular_that_inherits_a_transient_one_is_refused
ERROR tests/unit/orm/test_model_class_construction.py::TestCheckModelBasesRefusesAKindChange::test_two_models_of_the_same_kind_pass
ERROR tests/unit/orm/test_model_class_construction.py::TestCheckModelBasesRefusesAKindChange::test_a_parent_without_a_name_is_not_measured
ERROR tests/unit/orm/test_model_class_construction.py::TestInitModelClassAttributesFillsTheDefaultsFromTheName::test_the_description_defaults_to_the_name
ERROR tests/unit/orm/test_model_class_construction.py::TestInitModelClassAttributesFillsTheDefaultsFromTheName::test_a_declared_description_wins
ERROR tests/unit/orm/test_model_class_construction.py::TestInitModelClassAttributesFillsTheDefaultsFromTheName::test_the_table_derives_from_the_name
ERROR tests/unit/orm/test_model_class_construction.py::TestInitModelClassAttributesFillsTheDefaultsFromTheName::test_it_merges_inherits_across_the_bases
ERROR tests/unit/orm/test_model_class_construction.py::TestInitModelClassAttributesFillsTheDefaultsFromTheName::test_the_own_declaration_wins_over_the_base
ERROR tests/unit/orm/test_model_class_construction.py::TestInitModelClassAttributesFillsTheDefaultsFromTheName::test_a_model_without_inherits_gets_no_empty_dict
ERROR tests/unit/orm/test_model_class_construction.py::TestPrepareSetupForgetsWhatTheSetupRecomputes::test_it_discards_a_resolved_rec_name
ERROR tests/unit/orm/test_model_class_construction.py::TestPrepareSetupForgetsWhatTheSetupRecomputes::test_it_clears_the_marked_method_collectors
ERROR tests/unit/orm/test_model_class_lifecycle.py::TestToRecordIdsNormalizesTheThreeShapes::test_an_integer_comes_back_wrapped
ERROR tests/unit/orm/test_model_class_lifecycle.py::TestToRecordIdsNormalizesTheThreeShapes::test_the_falsy_integer_gives_the_empty_list
ERROR tests/unit/orm/test_model_class_lifecycle.py::TestToRecordIdsNormalizesTheThreeShapes::test_a_list_comes_through_filtered
ERROR tests/unit/orm/test_model_class_lifecycle.py::TestToRecordIdsNormalizesTheThreeShapes::test_an_empty_iterable_gives_the_empty_list
ERROR tests/unit/orm/test_model_class_lifecycle.py::TestToRecordIdsNormalizesTheThreeShapes::test_a_bare_list_of_new_ids_comes_back_empty
ERROR tests/unit/orm/test_models_item_access.py::TestTheKeyAccess::test_it_reads_the_field_by_name
ERROR tests/unit/orm/test_models_item_access.py::TestTheKeyAccess::test_it_writes_the_field_by_name
ERROR tests/unit/orm/test_models_item_access.py::TestTheKeyAccess::test_it_goes_through_the_descriptor_not_the_dict
ERROR tests/unit/orm/test_models_item_access.py::TestTheKeyAccess::test_an_unknown_name_raises_key_error
ERROR tests/unit/orm/test_models_item_access.py::TestTheKeyAccess::test_a_non_string_key_says_where_the_container_is
ERROR tests/unit/orm/test_models_item_access.py::TestWhatWasNotPorted::test_the_model_class_itself_answers
ERROR tests/unit/orm/test_modified_engine.py::TestTheLocalDependencyMarks::test_touching_the_source_marks_the_computed_field
ERROR tests/unit/orm/test_modified_engine.py::TestTheLocalDependencyMarks::test_an_unrelated_field_marks_nothing
ERROR tests/unit/orm/test_modified_engine.py::TestTheLocalDependencyMarks::test_no_field_names_is_a_no_op
ERROR tests/unit/orm/test_modified_engine.py::TestTheProtectedAreNotMarked::test_a_protected_row_is_left_alone
ERROR tests/unit/orm/test_modified_engine.py::TestTheProtectedAreNotMarked::test_outside_the_protection_the_same_call_marks
ERROR tests/unit/orm/test_modified_engine.py::TestBeforeDefersTheMark::test_the_mark_lands_after_the_walk_finishes
ERROR tests/unit/orm/test_multidb_router.py::test_company_db_alias_maps_id_to_alias
ERROR tests/unit/orm/test_multidb_router.py::test_domain_reads_and_writes_go_to_active_company_db
ERROR tests/unit/orm/test_multidb_router.py::test_domain_without_active_company_returns_none_n1
ERROR tests/unit/orm/test_multidb_router.py::test_domain_with_active_company_but_unprovisioned_db_degenerates_n1
ERROR tests/unit/orm/test_multidb_router.py::test_control_plane_infra_goes_to_default
ERROR tests/unit/orm/test_multidb_router.py::test_allow_migrate_keeps_control_plane_only_in_default
ERROR tests/unit/orm/test_multidb_router.py::test_allow_migrate_domain_in_company_db_and_default_for_n1
ERROR tests/unit/orm/test_multidb_router.py::test_allow_relation_only_within_same_alias
ERROR tests/unit/orm/test_nonstored_compute_dispatch.py::TestTheDeclaredComputeIsDispatched::test_the_read_returns_what_the_compute_produces
ERROR tests/unit/orm/test_nonstored_compute_dispatch.py::TestTheDeclaredComputeIsDispatched::test_the_value_tracks_the_compute_and_not_a_constant[uno]
ERROR tests/unit/orm/test_nonstored_compute_dispatch.py::TestTheDeclaredComputeIsDispatched::test_the_value_tracks_the_compute_and_not_a_constant[otro distinto]
ERROR tests/unit/orm/test_nonstored_compute_dispatch.py::TestTheDeclaredComputeIsDispatched::test_the_facade_routes_a_bare_compute_to_the_descriptor
ERROR tests/unit/orm/test_nonstored_compute_dispatch.py::TestTheDeclaredComputeIsDispatched::test_a_callable_compute_is_dispatched_too
ERROR tests/unit/orm/test_nonstored_compute_dispatch.py::TestTheOtherTwoBranchesStillWin::test_the_written_value_beats_the_compute
ERROR tests/unit/orm/test_nonstored_compute_dispatch.py::TestTheOtherTwoBranchesStillWin::test_related_beats_the_compute
ERROR tests/unit/orm/test_nonstored_compute_dispatch.py::TestWhatTheBranchDoesNotChange::test_a_field_without_compute_still_reads_its_default
ERROR tests/unit/orm/test_nonstored_compute_dispatch.py::TestWhatTheBranchDoesNotChange::test_a_field_with_neither_reads_none
ERROR tests/unit/orm/test_one2many.py::TestTheFieldIsCallable::test_the_public_facade_exposes_a_callable
ERROR tests/unit/orm/test_one2many.py::TestTheFieldIsCallable::test_it_is_the_class_of_the_relational_module
ERROR tests/unit/orm/test_one2many.py::TestTheDeclaredContract::test_it_keeps_comodel_and_inverse_name
ERROR tests/unit/orm/test_one2many.py::TestTheDeclaredContract::test_copy_is_false_by_default
ERROR tests/unit/orm/test_one2many.py::TestTheDeclaredContract::test_copy_can_be_turned_on
ERROR tests/unit/orm/test_one2many.py::TestItResolvesToTheDjangoReverse::test_from_the_class_it_gives_the_descriptor
ERROR tests/unit/orm/test_one2many.py::TestItHasNoColumn::test_it_does_not_enter_meta
ERROR tests/unit/orm/test_one2many.py::TestTheDeclaredParametersAreKept::test_the_client_side_domain_is_kept
ERROR tests/unit/orm/test_one2many.py::TestTheDeclaredParametersAreKept::test_the_client_side_context_is_kept
ERROR tests/unit/orm/test_one2many.py::TestTheDeclaredParametersAreKept::test_bypass_search_access_is_false_by_default
ERROR tests/unit/orm/test_one2many.py::TestTheDeclaredParametersAreKept::test_bypass_search_access_can_be_turned_on
ERROR tests/unit/orm/test_one2many.py::TestTheDeclaredParametersAreKept::test_the_relation_field_of_the_description_is_the_inverse
ERROR tests/unit/orm/test_one2many.py::TestTheComodelDomain::test_without_a_domain_it_is_empty
ERROR tests/unit/orm/test_one2many.py::TestTheComodelDomain::test_the_declared_domain_comes_through
ERROR tests/unit/orm/test_orm_utils_read_group_and_sql.py::test_time_granularity_declares_the_six_of_the_source
ERROR tests/unit/orm/test_orm_utils_read_group_and_sql.py::test_each_granularity_is_the_delta_of_the_source[hour-delta0]
ERROR tests/unit/orm/test_orm_utils_read_group_and_sql.py::test_each_granularity_is_the_delta_of_the_source[day-delta1]
ERROR tests/unit/orm/test_orm_utils_read_group_and_sql.py::test_each_granularity_is_the_delta_of_the_source[week-delta2]
ERROR tests/unit/orm/test_orm_utils_read_group_and_sql.py::test_each_granularity_is_the_delta_of_the_source[month-delta3]
ERROR tests/unit/orm/test_orm_utils_read_group_and_sql.py::test_each_granularity_is_the_delta_of_the_source[quarter-delta4]
ERROR tests/unit/orm/test_orm_utils_read_group_and_sql.py::test_each_granularity_is_the_delta_of_the_source[year-delta5]
ERROR tests/unit/orm/test_orm_utils_read_group_and_sql.py::test_week_is_declared_as_seven_days_in_the_source_form
ERROR tests/unit/orm/test_orm_utils_read_group_and_sql.py::test_the_delta_actually_advances_the_date
ERROR tests/unit/orm/test_orm_utils_read_group_and_sql.py::test_all_granularity_is_the_union_of_both_tables
ERROR tests/unit/orm/test_orm_utils_read_group_and_sql.py::test_the_union_does_not_mutate_its_operands
ERROR tests/unit/orm/test_orm_utils_read_group_and_sql.py::test_sql_operators_declares_the_sixteen_of_the_source
ERROR tests/unit/orm/test_orm_utils_read_group_and_sql.py::test_each_operator_carries_the_fragment_of_the_source[=- = ]
ERROR tests/unit/orm/test_orm_utils_read_group_and_sql.py::test_each_operator_carries_the_fragment_of_the_source[!=- != ]
ERROR tests/unit/orm/test_orm_utils_read_group_and_sql.py::test_each_operator_carries_the_fragment_of_the_source[in- IN ]
ERROR tests/unit/orm/test_orm_utils_read_group_and_sql.py::test_each_operator_carries_the_fragment_of_the_source[not in- NOT IN ]
ERROR tests/unit/orm/test_orm_utils_read_group_and_sql.py::test_each_operator_carries_the_fragment_of_the_source[<- < ]
ERROR tests/unit/orm/test_orm_utils_read_group_and_sql.py::test_each_operator_carries_the_fragment_of_the_source[>- > ]
ERROR tests/unit/orm/test_orm_utils_read_group_and_sql.py::test_each_operator_carries_the_fragment_of_the_source[<=- <= ]
ERROR tests/unit/orm/test_orm_utils_read_group_and_sql.py::test_each_operator_carries_the_fragment_of_the_source[>=- >= ]
ERROR tests/unit/orm/test_orm_utils_read_group_and_sql.py::test_each_operator_carries_the_fragment_of_the_source[like- LIKE ]
ERROR tests/unit/orm/test_orm_utils_read_group_and_sql.py::test_each_operator_carries_the_fragment_of_the_source[ilike- ILIKE ]
ERROR tests/unit/orm/test_orm_utils_read_group_and_sql.py::test_each_operator_carries_the_fragment_of_the_source[=like- LIKE ]
ERROR tests/unit/orm/test_orm_utils_read_group_and_sql.py::test_each_operator_carries_the_fragment_of_the_source[=ilike- ILIKE ]
ERROR tests/unit/orm/test_orm_utils_read_group_and_sql.py::test_each_operator_carries_the_fragment_of_the_source[not like- NOT LIKE ]
ERROR tests/unit/orm/test_orm_utils_read_group_and_sql.py::test_each_operator_carries_the_fragment_of_the_source[not ilike- NOT ILIKE ]
ERROR tests/unit/orm/test_orm_utils_read_group_and_sql.py::test_each_operator_carries_the_fragment_of_the_source[not =like- NOT LIKE ]
ERROR tests/unit/orm/test_orm_utils_read_group_and_sql.py::test_each_operator_carries_the_fragment_of_the_source[not =ilike- NOT ILIKE ]
ERROR tests/unit/orm/test_orm_utils_read_group_and_sql.py::test_every_fragment_carries_no_parameters
ERROR tests/unit/orm/test_orm_utils_read_group_and_sql.py::test_the_fragments_compose_with_sql
ERROR tests/unit/orm/test_orm_utils_read_group_and_sql.py::test_origin_ids_is_the_class_not_a_copy
ERROR tests/unit/orm/test_orm_utils_read_group_and_sql.py::test_the_alias_builds_a_reversible_iterable
ERROR tests/unit/orm/test_read_path_mechanism.py::TestWhereTheProtocolLives::test_the_field_is_not_a_descriptor
ERROR tests/unit/orm/test_read_path_mechanism.py::TestWhereTheProtocolLives::test_django_puts_it_on_the_attribute
ERROR tests/unit/orm/test_read_path_mechanism.py::TestWhereTheProtocolLives::test_our_two_precedents_did_the_same
ERROR tests/unit/orm/test_read_path_mechanism.py::TestWhereTheProtocolLives::test_the_company_dependent_one_extends_djangos
ERROR tests/unit/orm/test_read_path_mechanism.py::TestTheFiveSteps::test_access_control_already_has_its_home
ERROR tests/unit/orm/test_read_path_mechanism.py::TestTheFiveSteps::test_ensure_one_has_no_counterpart_by_construction
ERROR tests/unit/orm/test_read_path_mechanism.py::TestTheFiveSteps::test_the_transaction_cache_exists_and_is_by_field
ERROR tests/unit/orm/test_read_path_mechanism.py::TestTheFiveSteps::test_the_prefetch_is_djangos_and_is_declared
ERROR tests/unit/orm/test_record_loader.py::TestPortedSymbols::test_the_mixin_declares_the_reference_symbol[_clean_properties]
ERROR tests/unit/orm/test_record_loader.py::TestPortedSymbols::test_the_mixin_declares_the_reference_symbol[_load_records_write]
ERROR tests/unit/orm/test_record_loader.py::TestPortedSymbols::test_the_mixin_declares_the_reference_symbol[_load_records_create]
ERROR tests/unit/orm/test_record_loader.py::TestPortedSymbols::test_the_mixin_declares_the_reference_symbol[_load_records]
ERROR tests/unit/orm/test_record_loader.py::TestPortedSymbols::test_it_carries_the_field_registry_like_basemodel
ERROR tests/unit/orm/test_record_loader.py::TestPortedSymbols::test_res_partner_adopts_it
ERROR tests/unit/orm/test_record_loader.py::TestPortedSymbols::test_res_partner_overrides_the_create_hook
ERROR tests/unit/orm/test_registry_class.py::TestSingletonPerDatabase::test_the_same_name_yields_the_same_instance
ERROR tests/unit/orm/test_registry_class.py::TestSingletonPerDatabase::test_two_names_yield_two_instances
ERROR tests/unit/orm/test_registry_class.py::TestSingletonPerDatabase::test_the_empty_name_is_refused
ERROR tests/unit/orm/test_registry_class.py::TestSingletonPerDatabase::test_it_lands_in_the_shared_map
ERROR tests/unit/orm/test_registry_class.py::TestSingletonPerDatabase::test_the_map_is_capped_at_the_declared_size
ERROR tests/unit/orm/test_registry_class.py::TestLifecycle::test_new_replaces_the_standing_instance
ERROR tests/unit/orm/test_registry_class.py::TestLifecycle::test_delete_drops_only_its_own_name
ERROR tests/unit/orm/test_registry_class.py::TestLifecycle::test_deleting_an_absent_name_is_a_no_op
ERROR tests/unit/orm/test_registry_class.py::TestLifecycle::test_delete_all_empties_the_map
ERROR tests/unit/orm/test_registry_class.py::TestLifecycle::test_the_instance_loses_the_three_class_entry_points
ERROR tests/unit/orm/test_registry_class.py::TestLifecycle::test_a_built_registry_declares_itself_ready
ERROR tests/unit/orm/test_registry_class.py::TestLifecycle::test_the_lock_is_reentrant
ERROR tests/unit/orm/test_registry_class.py::TestMapping::test_it_is_a_mapping
ERROR tests/unit/orm/test_registry_class.py::TestMapping::test_length_and_iteration_read_the_models
ERROR tests/unit/orm/test_registry_class.py::TestMapping::test_getitem_returns_the_model
ERROR tests/unit/orm/test_registry_class.py::TestMapping::test_getitem_raises_for_an_unknown_name
ERROR tests/unit/orm/test_registry_class.py::TestMapping::test_setitem_replaces
ERROR tests/unit/orm/test_registry_class.py::TestMapping::test_the_mixin_gives_get_keys_items_and_values
ERROR tests/unit/orm/test_registry_class.py::TestMapping::test_delitem_removes_the_model
ERROR tests/unit/orm/test_registry_class.py::TestMapping::test_delitem_also_forgets_the_child_in_its_parents
ERROR tests/unit/orm/test_registry_class.py::TestMapping::test_two_registries_do_not_share_their_models
ERROR tests/unit/orm/test_registry_class.py::TestDescendants::test_it_includes_the_asked_model_itself
ERROR tests/unit/orm/test_registry_class.py::TestDescendants::test_it_walks_the_inherit_axis_transitively
ERROR tests/unit/orm/test_registry_class.py::TestDescendants::test_it_walks_the_inherits_axis
ERROR tests/unit/orm/test_registry_class.py::TestDescendants::test_one_axis_does_not_see_the_other
ERROR tests/unit/orm/test_registry_class.py::TestDescendants::test_both_axes_at_once
ERROR tests/unit/orm/test_registry_class.py::TestDescendants::test_an_unknown_name_is_skipped_not_an_error
ERROR tests/unit/orm/test_registry_class.py::TestDescendants::test_it_does_not_repeat_a_model_reachable_twice
ERROR tests/unit/orm/test_registry_class.py::TestDescendants::test_an_unknown_axis_is_refused
ERROR tests/unit/orm/test_registry_field_axis.py::TestFieldInverses::test_the_registry_reads_the_map_of_the_process
ERROR tests/unit/orm/test_registry_field_axis.py::TestFieldInverses::test_both_sides_point_at_each_other
ERROR tests/unit/orm/test_registry_field_axis.py::TestFieldInverses::test_a_field_without_inverse_answers_the_empty_tuple
ERROR tests/unit/orm/test_registry_field_axis.py::TestFieldComputed::test_a_computed_field_yields_its_whole_group
ERROR tests/unit/orm/test_registry_field_axis.py::TestFieldComputed::test_a_field_without_compute_is_absent
ERROR tests/unit/orm/test_registry_field_axis.py::TestFieldComputed::test_a_consistent_group_warns_nothing
ERROR tests/unit/orm/test_registry_field_axis.py::TestFieldComputed::test_a_lone_field_warns_nothing
ERROR tests/unit/orm/test_registry_field_axis.py::TestFieldComputed::test_it_warns_when_a_flag_disagrees[compute_sudo-inconsistent 'compute_sudo']
ERROR tests/unit/orm/test_registry_field_axis.py::TestFieldComputed::test_it_warns_when_a_flag_disagrees[precompute-inconsistent 'precompute']
ERROR tests/unit/orm/test_registry_field_axis.py::TestFieldComputed::test_it_warns_when_a_flag_disagrees[store-inconsistent 'store']
ERROR tests/unit/orm/test_registry_field_axis.py::TestFieldComputed::test_the_warning_names_both_fields
ERROR tests/unit/orm/test_registry_field_axis.py::TestFieldTriggers::test_it_is_the_map_of_the_process
ERROR tests/unit/orm/test_registry_field_axis.py::TestFieldTriggers::test_a_dependency_names_the_fields_that_depend_on_it
ERROR tests/unit/orm/test_registry_field_axis.py::TestTriggerTreeReaders::test_a_dependency_gets_a_tree_with_its_dependents
ERROR tests/unit/orm/test_registry_field_axis.py::TestTriggerTreeReaders::test_a_field_without_triggers_gets_an_empty_tree
ERROR tests/unit/orm/test_registry_field_axis.py::TestTriggerTreeReaders::test_the_tree_is_memoised
ERROR tests/unit/orm/test_registry_field_axis.py::TestTriggerTreeReaders::test_get_trigger_tree_merges_what_changed
ERROR tests/unit/orm/test_registry_field_axis.py::TestTriggerTreeReaders::test_select_drops_what_it_refuses
ERROR tests/unit/orm/test_registry_field_axis.py::TestTriggerTreeReaders::test_get_dependent_fields_yields_the_dependents
ERROR tests/unit/orm/test_registry_field_axis.py::TestTriggerTreeReaders::test_an_independent_field_yields_nothing
ERROR tests/unit/orm/test_registry_field_axis.py::TestIsModifyingRelations::test_a_relational_dependency_modifies_relations
ERROR tests/unit/orm/test_registry_field_axis.py::TestIsModifyingRelations::test_a_field_without_dependents_does_not
ERROR tests/unit/orm/test_registry_field_axis.py::TestIsModifyingRelations::test_the_answer_is_memoised
ERROR tests/unit/orm/test_registry_field_axis.py::TestDiscardFields::test_it_forgets_the_declared_dependencies
ERROR tests/unit/orm/test_registry_field_axis.py::TestDiscardFields::test_it_empties_the_trigger_memo
ERROR tests/unit/orm/test_registry_field_axis.py::TestDiscardFields::test_it_drops_the_field_from_both_sides_of_the_inverses
ERROR tests/unit/orm/test_registry_field_axis.py::TestDiscardFields::test_it_drops_the_field_from_the_setup_dependents
ERROR tests/unit/orm/test_registry_field_axis.py::TestDiscardFields::test_discarding_an_unknown_field_is_a_no_op
ERROR tests/unit/orm/test_registry_signaling_axis.py::TestTheSignalingTables::test_it_names_one_table_per_cache_key_plus_the_registry
ERROR tests/unit/orm/test_related_field_declaration.py::TestTheConstructorAcceptsTheDeclaration::test_the_facade_accepts_related
ERROR tests/unit/orm/test_related_field_declaration.py::TestTheConstructorAcceptsTheDeclaration::test_a_related_is_not_stored_by_default
ERROR tests/unit/orm/test_related_field_declaration.py::TestTheConstructorAcceptsTheDeclaration::test_an_explicit_store_keeps_the_column
ERROR tests/unit/orm/test_related_field_declaration.py::TestTheConstructorAcceptsTheDeclaration::test_the_other_three_defaults_of_the_source
ERROR tests/unit/orm/test_related_field_declaration.py::TestTheConstructorAcceptsTheDeclaration::test_what_the_declaration_says_wins_over_the_default
ERROR tests/unit/orm/test_related_field_declaration.py::TestTheConstructorAcceptsTheDeclaration::test_the_dispatcher_family_accepts_it_too
ERROR tests/unit/orm/test_related_field_declaration.py::TestSearchingUsesTheChain::test_the_field_carries_its_search
ERROR tests/unit/orm/test_related_field_declaration.py::TestSearchingUsesTheChain::test_the_search_emits_the_domain_over_the_chain
ERROR tests/unit/orm/test_related_field_declaration.py::TestTheFourDeclaredInResBank::test_none_of_the_four_took_a_column
ERROR tests/unit/orm/test_related_field_setup.py::TestTheSetupWiresTheThreeFunctions::test_it_resolves_the_chain_to_its_last_field
ERROR tests/unit/orm/test_related_field_setup.py::TestTheSetupWiresTheThreeFunctions::test_it_wires_compute_inverse_and_search
ERROR tests/unit/orm/test_related_field_setup.py::TestTheSetupWiresTheThreeFunctions::test_a_stored_related_is_not_searchable_by_the_chain
ERROR tests/unit/orm/test_related_field_setup.py::TestTheSetupWiresTheThreeFunctions::test_it_copies_the_attributes_of_the_target
ERROR tests/unit/orm/test_related_field_setup.py::TestTheSetupWiresTheThreeFunctions::test_a_type_mismatch_between_the_related_and_its_target_is_refused
ERROR tests/unit/orm/test_related_field_setup.py::TestTheSetupWiresTheThreeFunctions::test_a_readonly_related_without_inverse_warns_about_its_default
ERROR tests/unit/orm/test_related_field_setup.py::TestTheSetupWiresTheThreeFunctions::test_a_writable_related_with_default_does_not_warn
ERROR tests/unit/orm/test_related_field_setup.py::TestTheSetupWiresTheThreeFunctions::test_a_broken_chain_says_which_link_is_missing
ERROR tests/unit/orm/test_related_field_setup.py::TestTheSearchWalksTheChainBackwards::test_it_builds_the_any_chain
ERROR tests/unit/orm/test_related_field_setup.py::TestTheSearchWalksTheChainBackwards::test_a_nullable_many2one_accepts_the_row_without_value
ERROR tests/unit/orm/test_related_field_setup.py::TestTheSearchWalksTheChainBackwards::test_a_positive_search_does_not_add_it
ERROR tests/unit/orm/test_related_field_setup.py::TestTheSearchWalksTheChainBackwards::test_a_negative_operator_with_a_truthy_value_gives_up
ERROR tests/unit/orm/test_related_in_every_field_type.py::TestEveryConstructorAcceptsTheKey::test_the_constructor_takes_related[Many2one-arguments0]
ERROR tests/unit/orm/test_related_in_every_field_type.py::TestEveryConstructorAcceptsTheKey::test_the_constructor_takes_related[Many2many-arguments1]
ERROR tests/unit/orm/test_related_in_every_field_type.py::TestEveryConstructorAcceptsTheKey::test_the_constructor_takes_related[One2many-arguments2]
ERROR tests/unit/orm/test_related_in_every_field_type.py::TestEveryConstructorAcceptsTheKey::test_the_constructor_takes_related[Binary-arguments3]
ERROR tests/unit/orm/test_related_in_every_field_type.py::TestEveryConstructorAcceptsTheKey::test_the_constructor_takes_related[Image-arguments4]
ERROR tests/unit/orm/test_related_in_every_field_type.py::TestEveryConstructorAcceptsTheKey::test_the_constructor_takes_related[Html-arguments5]
ERROR tests/unit/orm/test_related_in_every_field_type.py::TestEveryConstructorAcceptsTheKey::test_the_constructor_takes_related[Monetary-arguments6]
ERROR tests/unit/orm/test_related_in_every_field_type.py::TestEveryConstructorAcceptsTheKey::test_the_constructor_takes_related[Json-arguments7]
ERROR tests/unit/orm/test_related_in_every_field_type.py::TestEveryConstructorAcceptsTheKey::test_the_constructor_takes_related[Properties-arguments8]
ERROR tests/unit/orm/test_related_in_every_field_type.py::TestEveryConstructorAcceptsTheKey::test_without_store_the_carrier_is_the_non_stored_one[Many2one-arguments0]
ERROR tests/unit/orm/test_related_in_every_field_type.py::TestEveryConstructorAcceptsTheKey::test_without_store_the_carrier_is_the_non_stored_one[Many2many-arguments1]
ERROR tests/unit/orm/test_related_in_every_field_type.py::TestEveryConstructorAcceptsTheKey::test_without_store_the_carrier_is_the_non_stored_one[One2many-arguments2]
ERROR tests/unit/orm/test_related_in_every_field_type.py::TestEveryConstructorAcceptsTheKey::test_without_store_the_carrier_is_the_non_stored_one[Binary-arguments3]
ERROR tests/unit/orm/test_related_in_every_field_type.py::TestEveryConstructorAcceptsTheKey::test_without_store_the_carrier_is_the_non_stored_one[Image-arguments4]
ERROR tests/unit/orm/test_related_in_every_field_type.py::TestEveryConstructorAcceptsTheKey::test_without_store_the_carrier_is_the_non_stored_one[Html-arguments5]
ERROR tests/unit/orm/test_related_in_every_field_type.py::TestEveryConstructorAcceptsTheKey::test_without_store_the_carrier_is_the_non_stored_one[Monetary-arguments6]
ERROR tests/unit/orm/test_related_in_every_field_type.py::TestEveryConstructorAcceptsTheKey::test_without_store_the_carrier_is_the_non_stored_one[Json-arguments7]
ERROR tests/unit/orm/test_related_in_every_field_type.py::TestEveryConstructorAcceptsTheKey::test_without_store_the_carrier_is_the_non_stored_one[Properties-arguments8]
ERROR tests/unit/orm/test_related_in_every_field_type.py::TestEveryConstructorAcceptsTheKey::test_the_four_defaults_of_the_source_apply[Many2one-arguments0]
ERROR tests/unit/orm/test_related_in_every_field_type.py::TestEveryConstructorAcceptsTheKey::test_the_four_defaults_of_the_source_apply[Many2many-arguments1]
ERROR tests/unit/orm/test_related_in_every_field_type.py::TestEveryConstructorAcceptsTheKey::test_the_four_defaults_of_the_source_apply[One2many-arguments2]
ERROR tests/unit/orm/test_related_in_every_field_type.py::TestEveryConstructorAcceptsTheKey::test_the_four_defaults_of_the_source_apply[Binary-arguments3]
ERROR tests/unit/orm/test_related_in_every_field_type.py::TestEveryConstructorAcceptsTheKey::test_the_four_defaults_of_the_source_apply[Image-arguments4]
ERROR tests/unit/orm/test_related_in_every_field_type.py::TestEveryConstructorAcceptsTheKey::test_the_four_defaults_of_the_source_apply[Html-arguments5]
ERROR tests/unit/orm/test_related_in_every_field_type.py::TestEveryConstructorAcceptsTheKey::test_the_four_defaults_of_the_source_apply[Monetary-arguments6]
ERROR tests/unit/orm/test_related_in_every_field_type.py::TestEveryConstructorAcceptsTheKey::test_the_four_defaults_of_the_source_apply[Json-arguments7]
ERROR tests/unit/orm/test_related_in_every_field_type.py::TestEveryConstructorAcceptsTheKey::test_the_four_defaults_of_the_source_apply[Properties-arguments8]
ERROR tests/unit/orm/test_related_in_every_field_type.py::TestTheRelationalArgumentsBecomeOptional::test_many2one_needs_no_comodel_when_it_is_a_projection
ERROR tests/unit/orm/test_related_in_every_field_type.py::TestTheRelationalArgumentsBecomeOptional::test_many2one_keeps_the_column_when_the_declaration_asks_for_it
ERROR tests/unit/orm/test_related_in_every_field_type.py::TestTheRelationalArgumentsBecomeOptional::test_many2many_needs_no_comodel_either
ERROR tests/unit/orm/test_related_in_every_field_type.py::TestOne2manyStopsSwallowingTheKey::test_it_no_longer_returns_a_field_without_the_route
ERROR tests/unit/orm/test_related_in_every_field_type.py::TestOne2manyStopsSwallowingTheKey::test_the_ordinary_declaration_still_needs_its_two_arguments
ERROR tests/unit/orm/test_related_shape_in_the_reference.py::TestARelatedIsAProjectionNotACopy::test_the_reference_declares_them_in_bulk
ERROR tests/unit/orm/test_related_shape_in_the_reference.py::TestARelatedIsAProjectionNotACopy::test_the_vast_majority_carry_no_store
ERROR tests/unit/orm/test_related_shape_in_the_reference.py::TestARelatedIsAProjectionNotACopy::test_the_named_field_of_the_refuted_prose_has_no_store
ERROR tests/unit/orm/test_related_shape_in_the_reference.py::TestARelatedIsAProjectionNotACopy::test_the_detector_does_see_a_store_when_there_is_one
ERROR tests/unit/orm/test_related_write_reaches_the_far_end.py::TestResCompanyBankIds::test_it_took_no_column
ERROR tests/unit/orm/test_router_failclosed.py::test_domain_without_company_under_n_gt_1_raises
ERROR tests/unit/orm/test_router_failclosed.py::test_control_plane_under_n_gt_1_still_goes_to_default
ERROR tests/unit/orm/test_router_failclosed.py::test_domain_with_active_company_routes_to_its_db_under_n_gt_1
ERROR tests/unit/orm/test_router_failclosed.py::test_domain_with_unprovisioned_company_under_n_gt_1_raises
ERROR tests/unit/orm/test_router_failclosed.py::test_n1_neutrality_domain_without_company_returns_none
ERROR tests/unit/orm/test_sorted_order_to_function.py::TestTheStringBranch::test_it_orders_by_a_plain_field_name
ERROR tests/unit/orm/test_sorted_order_to_function.py::TestTheStringBranch::test_desc_reverses_it
ERROR tests/unit/orm/test_sorted_order_to_function.py::TestTheStringBranch::test_an_invalid_order_raises
ERROR tests/unit/orm/test_sorted_order_to_function.py::TestTheNoneBranch::test_none_uses_the_model_order
ERROR tests/unit/orm/test_sorted_order_to_function.py::TestTheNullRule::test_without_nulls_the_null_goes_last_when_ascending
ERROR tests/unit/orm/test_sorted_order_to_function.py::TestTheNullRule::test_without_nulls_the_null_goes_first_when_descending
ERROR tests/unit/orm/test_sorted_order_to_function.py::TestTheNullRule::test_nulls_last_overrides_the_descending_default
ERROR tests/unit/orm/test_sorted_order_to_function.py::TestTheNullRule::test_nulls_first_overrides_the_ascending_default
ERROR tests/unit/orm/test_sorted_order_to_function.py::TestTheBooleanBranchIsNotNormalised::test_false_orders_before_true_and_is_not_a_null
ERROR tests/unit/orm/test_sorted_order_to_function.py::TestTheRelationalBranches::test_a_non_many2one_relational_field_raises
ERROR tests/unit/orm/test_sorted_order_to_function.py::TestSeveralTerms::test_two_terms_break_the_tie
ERROR tests/unit/orm/test_sugar_packages.py::TestTheFacadeBindsWhatOrmAlreadyDeclares::test_the_symbol_is_reachable_through_its_package[api-NewId]
ERROR tests/unit/orm/test_sugar_packages.py::TestTheFacadeBindsWhatOrmAlreadyDeclares::test_the_symbol_is_reachable_through_its_package[api-Environment]
ERROR tests/unit/orm/test_sugar_packages.py::TestTheFacadeBindsWhatOrmAlreadyDeclares::test_the_symbol_is_reachable_through_its_package[api-SUPERUSER_ID]
ERROR tests/unit/orm/test_sugar_packages.py::TestTheFacadeBindsWhatOrmAlreadyDeclares::test_the_symbol_is_reachable_through_its_package[api-ContextType]
ERROR tests/unit/orm/test_sugar_packages.py::TestTheFacadeBindsWhatOrmAlreadyDeclares::test_the_symbol_is_reachable_through_its_package[api-DomainType]
ERROR tests/unit/orm/test_sugar_packages.py::TestTheFacadeBindsWhatOrmAlreadyDeclares::test_the_symbol_is_reachable_through_its_package[api-IdType]
ERROR tests/unit/orm/test_sugar_packages.py::TestTheFacadeBindsWhatOrmAlreadyDeclares::test_the_symbol_is_reachable_through_its_package[api-ValuesType]
ERROR tests/unit/orm/test_sugar_packages.py::TestTheFacadeBindsWhatOrmAlreadyDeclares::test_the_symbol_is_reachable_through_its_package[api-depends_context]
ERROR tests/unit/orm/test_sugar_packages.py::TestTheFacadeBindsWhatOrmAlreadyDeclares::test_the_symbol_is_reachable_through_its_package[api-ondelete]
ERROR tests/unit/orm/test_sugar_packages.py::TestTheFacadeBindsWhatOrmAlreadyDeclares::test_the_symbol_is_reachable_through_its_package[fields-Field]
ERROR tests/unit/orm/test_sugar_packages.py::TestTheFacadeBindsWhatOrmAlreadyDeclares::test_the_symbol_is_reachable_through_its_package[fields-NO_ACCESS]
ERROR tests/unit/orm/test_sugar_packages.py::TestTheFacadeBindsWhatOrmAlreadyDeclares::test_the_symbol_is_reachable_through_its_package[models-LOG_ACCESS_COLUMNS]
ERROR tests/unit/orm/test_sugar_packages.py::TestTheFacadeBindsWhatOrmAlreadyDeclares::test_the_symbol_is_reachable_through_its_package[models-MAGIC_COLUMNS]
ERROR tests/unit/orm/test_sugar_packages.py::TestTheFacadeBindsWhatOrmAlreadyDeclares::test_the_symbol_is_reachable_through_its_package[models-READ_GROUP_NUMBER_GRANULARITY]
ERROR tests/unit/orm/test_sugar_packages.py::TestTheFacadeBindsWhatOrmAlreadyDeclares::test_the_symbol_is_reachable_through_its_package[models-fix_import_export_id_paths]
ERROR tests/unit/orm/test_sugar_packages.py::TestTheFacadeBindsWhatOrmAlreadyDeclares::test_the_symbol_is_reachable_through_its_package[models-regex_order]
ERROR tests/unit/orm/test_sugar_packages.py::TestTheFacadeBindsWhatOrmAlreadyDeclares::test_the_symbol_is_reachable_through_its_package[models-is_model_class]
ERROR tests/unit/orm/test_sugar_packages.py::TestTheFacadeBindsWhatOrmAlreadyDeclares::test_the_symbol_is_reachable_through_its_package[models-is_model_definition]
ERROR tests/unit/orm/test_sugar_packages.py::TestTheFacadeBindsWhatOrmAlreadyDeclares::test_the_symbol_is_reachable_through_its_package[models-TransientModel]
ERROR tests/unit/orm/test_sugar_packages.py::TestTheFacadeBindsWhatOrmAlreadyDeclares::test_the_symbol_is_reachable_through_its_package[models-Constraint]
ERROR tests/unit/orm/test_sugar_packages.py::TestTheFacadeBindsWhatOrmAlreadyDeclares::test_the_symbol_is_reachable_through_its_package[models-Index]
ERROR tests/unit/orm/test_sugar_packages.py::TestTheFacadeBindsWhatOrmAlreadyDeclares::test_the_symbol_is_reachable_through_its_package[models-UniqueIndex]
ERROR tests/unit/orm/test_sugar_packages.py::TestTheFacadeBindsWhatOrmAlreadyDeclares::test_the_symbol_is_reachable_through_its_package[models-check_object_name]
ERROR tests/unit/orm/test_sugar_packages.py::TestTheFacadeBindsWhatOrmAlreadyDeclares::test_the_symbol_is_reachable_through_its_package[models-check_pg_name]
ERROR tests/unit/orm/test_sugar_packages.py::TestTheFacadeBindsWhatOrmAlreadyDeclares::test_the_symbol_is_reachable_through_its_package[models-AbstractModel]
ERROR tests/unit/orm/test_sugar_packages.py::TestTheFacadeBindsWhatOrmAlreadyDeclares::test_the_symbol_is_reachable_through_its_package[models-parse_read_group_spec]
ERROR tests/unit/orm/test_sugar_packages.py::TestTheFacadeBindsWhatOrmAlreadyDeclares::test_the_symbol_is_reachable_through_its_package[models-check_method_name]
ERROR tests/unit/orm/test_sugar_packages.py::TestTheFacadeBindsWhatOrmAlreadyDeclares::test_the_symbol_is_reachable_through_its_package[models-to_record_ids]
ERROR tests/unit/orm/test_sugar_packages.py::TestTheFacadeBindsWhatOrmAlreadyDeclares::test_the_symbol_is_reachable_through_its_package[models-BaseModel]
ERROR tests/unit/orm/test_sugar_packages.py::TestTheFacadeBindsWhatOrmAlreadyDeclares::test_it_is_the_very_object_its_orm_module_declares[api-NewId]
ERROR tests/unit/orm/test_sugar_packages.py::TestTheFacadeBindsWhatOrmAlreadyDeclares::test_it_is_the_very_object_its_orm_module_declares[api-Environment]
ERROR tests/unit/orm/test_sugar_packages.py::TestTheFacadeBindsWhatOrmAlreadyDeclares::test_it_is_the_very_object_its_orm_module_declares[api-SUPERUSER_ID]
ERROR tests/unit/orm/test_sugar_packages.py::TestTheFacadeBindsWhatOrmAlreadyDeclares::test_it_is_the_very_object_its_orm_module_declares[api-ContextType]
ERROR tests/unit/orm/test_sugar_packages.py::TestTheFacadeBindsWhatOrmAlreadyDeclares::test_it_is_the_very_object_its_orm_module_declares[api-DomainType]
ERROR tests/unit/orm/test_sugar_packages.py::TestTheFacadeBindsWhatOrmAlreadyDeclares::test_it_is_the_very_object_its_orm_module_declares[api-IdType]
ERROR tests/unit/orm/test_sugar_packages.py::TestTheFacadeBindsWhatOrmAlreadyDeclares::test_it_is_the_very_object_its_orm_module_declares[api-ValuesType]
ERROR tests/unit/orm/test_sugar_packages.py::TestTheFacadeBindsWhatOrmAlreadyDeclares::test_it_is_the_very_object_its_orm_module_declares[api-depends_context]
ERROR tests/unit/orm/test_sugar_packages.py::TestTheFacadeBindsWhatOrmAlreadyDeclares::test_it_is_the_very_object_its_orm_module_declares[api-ondelete]
ERROR tests/unit/orm/test_sugar_packages.py::TestTheFacadeBindsWhatOrmAlreadyDeclares::test_it_is_the_very_object_its_orm_module_declares[fields-Field]
ERROR tests/unit/orm/test_sugar_packages.py::TestTheFacadeBindsWhatOrmAlreadyDeclares::test_it_is_the_very_object_its_orm_module_declares[fields-NO_ACCESS]
ERROR tests/unit/orm/test_sugar_packages.py::TestTheFacadeBindsWhatOrmAlreadyDeclares::test_it_is_the_very_object_its_orm_module_declares[models-LOG_ACCESS_COLUMNS]
ERROR tests/unit/orm/test_sugar_packages.py::TestTheFacadeBindsWhatOrmAlreadyDeclares::test_it_is_the_very_object_its_orm_module_declares[models-MAGIC_COLUMNS]
ERROR tests/unit/orm/test_sugar_packages.py::TestTheFacadeBindsWhatOrmAlreadyDeclares::test_it_is_the_very_object_its_orm_module_declares[models-READ_GROUP_NUMBER_GRANULARITY]
ERROR tests/unit/orm/test_sugar_packages.py::TestTheFacadeBindsWhatOrmAlreadyDeclares::test_it_is_the_very_object_its_orm_module_declares[models-fix_import_export_id_paths]
ERROR tests/unit/orm/test_sugar_packages.py::TestTheFacadeBindsWhatOrmAlreadyDeclares::test_it_is_the_very_object_its_orm_module_declares[models-regex_order]
ERROR tests/unit/orm/test_sugar_packages.py::TestTheFacadeBindsWhatOrmAlreadyDeclares::test_it_is_the_very_object_its_orm_module_declares[models-is_model_class]
ERROR tests/unit/orm/test_sugar_packages.py::TestTheFacadeBindsWhatOrmAlreadyDeclares::test_it_is_the_very_object_its_orm_module_declares[models-is_model_definition]
ERROR tests/unit/orm/test_sugar_packages.py::TestTheFacadeBindsWhatOrmAlreadyDeclares::test_it_is_the_very_object_its_orm_module_declares[models-TransientModel]
ERROR tests/unit/orm/test_sugar_packages.py::TestTheFacadeBindsWhatOrmAlreadyDeclares::test_it_is_the_very_object_its_orm_module_declares[models-Constraint]
ERROR tests/unit/orm/test_sugar_packages.py::TestTheFacadeBindsWhatOrmAlreadyDeclares::test_it_is_the_very_object_its_orm_module_declares[models-Index]
ERROR tests/unit/orm/test_sugar_packages.py::TestTheFacadeBindsWhatOrmAlreadyDeclares::test_it_is_the_very_object_its_orm_module_declares[models-UniqueIndex]
ERROR tests/unit/orm/test_sugar_packages.py::TestTheFacadeBindsWhatOrmAlreadyDeclares::test_it_is_the_very_object_its_orm_module_declares[models-check_object_name]
ERROR tests/unit/orm/test_sugar_packages.py::TestTheFacadeBindsWhatOrmAlreadyDeclares::test_it_is_the_very_object_its_orm_module_declares[models-check_pg_name]
ERROR tests/unit/orm/test_sugar_packages.py::TestTheFacadeBindsWhatOrmAlreadyDeclares::test_it_is_the_very_object_its_orm_module_declares[models-AbstractModel]
ERROR tests/unit/orm/test_sugar_packages.py::TestTheFacadeBindsWhatOrmAlreadyDeclares::test_it_is_the_very_object_its_orm_module_declares[models-parse_read_group_spec]
ERROR tests/unit/orm/test_sugar_packages.py::TestTheFacadeBindsWhatOrmAlreadyDeclares::test_it_is_the_very_object_its_orm_module_declares[models-check_method_name]
ERROR tests/unit/orm/test_sugar_packages.py::TestTheFacadeBindsWhatOrmAlreadyDeclares::test_it_is_the_very_object_its_orm_module_declares[models-to_record_ids]
ERROR tests/unit/orm/test_sugar_packages.py::TestTheFacadeBindsWhatOrmAlreadyDeclares::test_it_is_the_very_object_its_orm_module_declares[models-BaseModel]
ERROR tests/unit/orm/test_sugar_packages.py::TestTheBlockedOnesDeclareTheirCoverage::test_src_orm_does_not_declare_it_yet[api-deprecated]
ERROR tests/unit/orm/test_sugar_packages.py::TestTheBlockedOnesDeclareTheirCoverage::test_src_orm_does_not_declare_it_yet[api-Self]
ERROR tests/unit/orm/test_sugar_packages.py::TestTheBlockedOnesDeclareTheirCoverage::test_src_orm_does_not_declare_it_yet[fields-Id]
ERROR tests/unit/orm/test_sugar_packages.py::TestTheBlockedOnesDeclareTheirCoverage::test_src_orm_does_not_declare_it_yet[models-READ_GROUP_DISPLAY_FORMAT]
ERROR tests/unit/orm/test_sugar_packages.py::TestTheBlockedOnesDeclareTheirCoverage::test_src_orm_does_not_declare_it_yet[models-MetaModel]
ERROR tests/unit/orm/test_sugar_packages.py::TestTheFacadeDoesNotHideItsProvenance::test_it_does_not_import_with_star[api]
ERROR tests/unit/orm/test_sugar_packages.py::TestTheFacadeDoesNotHideItsProvenance::test_it_does_not_import_with_star[fields]
ERROR tests/unit/orm/test_sugar_packages.py::TestTheFacadeDoesNotHideItsProvenance::test_the_models_star_is_a_measured_divergence_not_an_oversight
ERROR tests/unit/orm/test_sugar_packages.py::TestTheIndexNameServesBothUses::test_the_facade_hands_the_table_object_on_a_positional_call
ERROR tests/unit/orm/test_sugar_packages.py::TestTheIndexNameServesBothUses::test_the_facade_hands_djangos_index_on_a_keyword_call
ERROR tests/unit/orm/test_table_objects.py::TestTheNamingProtocol::test_the_attribute_names_the_object_without_its_underscore
ERROR tests/unit/orm/test_table_objects.py::TestTheNamingProtocol::test_a_name_without_leading_underscore_is_rejected
ERROR tests/unit/orm/test_table_objects.py::TestTheNamingProtocol::test_a_mangled_name_is_rejected
ERROR tests/unit/orm/test_table_objects.py::TestTheNamingProtocol::test_the_object_registers_itself_on_the_owner
ERROR tests/unit/orm/test_table_objects.py::TestTheNamingProtocol::test_it_fires_inside_a_django_model_body
ERROR tests/unit/orm/test_table_objects.py::TestTheFullName::test_it_prefixes_the_table
ERROR tests/unit/orm/test_table_objects.py::TestTheFullName::test_an_unnamed_object_refuses_to_compose_a_name
ERROR tests/unit/orm/test_table_objects.py::TestTheFullName::test_it_is_capped_at_the_postgresql_limit
ERROR tests/unit/orm/test_table_objects.py::TestTheViolationMessage::test_a_plain_string_comes_back_verbatim
ERROR tests/unit/orm/test_table_objects.py::TestTheViolationMessage::test_a_callable_receives_the_environment_and_the_diagnostics
ERROR tests/unit/orm/test_table_objects.py::TestTheViolationMessage::test_without_a_message_it_is_the_empty_string
ERROR tests/unit/orm/test_table_objects.py::TestTheDefinitions::test_a_constraint_returns_its_sql_verbatim
ERROR tests/unit/orm/test_table_objects.py::TestTheDefinitions::test_an_index_wraps_its_definition_with_the_keyword
ERROR tests/unit/orm/test_table_objects.py::TestTheDefinitions::test_a_unique_index_declares_its_uniqueness
ERROR tests/unit/orm/test_table_objects.py::TestTheDefinitions::test_an_index_definition_may_be_callable_on_the_registry
ERROR tests/unit/orm/test_table_objects.py::TestTheDefinitions::test_an_empty_definition_produces_no_index
ERROR tests/unit/orm/test_table_objects.py::TestTheClassContract::test_the_base_declares_its_three_class_attributes
ERROR tests/unit/orm/test_table_objects.py::TestTheClassContract::test_the_subclasses_descend_from_the_base
ERROR tests/unit/orm/test_table_objects.py::TestTheClassContract::test_only_the_unique_index_declares_uniqueness
ERROR tests/unit/orm/test_table_objects.py::TestTheClassContract::test_the_base_refuses_to_define_or_apply_by_itself
ERROR tests/unit/orm/test_table_objects.py::TestTheClassContract::test_its_repr_carries_name_definition_and_message
ERROR tests/unit/orm/test_table_objects.py::TestTheAliasIsGone::test_the_constraint_takes_its_definition_positionally
ERROR tests/unit/orm/test_table_objects.py::TestTheAliasIsGone::test_it_is_not_djangos_check_constraint
ERROR tests/unit/orm/test_table_objects.py::TestIndexSplitsByTheShapeOfTheCall::test_a_positional_string_is_the_table_object
ERROR tests/unit/orm/test_table_objects.py::TestIndexSplitsByTheShapeOfTheCall::test_a_positional_callable_is_the_table_object
ERROR tests/unit/orm/test_table_objects.py::TestIndexSplitsByTheShapeOfTheCall::test_keywords_only_give_djangos_index
ERROR tests/unit/orm/test_table_objects.py::TestIndexSplitsByTheShapeOfTheCall::test_the_django_branch_keeps_its_migration_identity
ERROR tests/unit/orm/test_table_objects.py::TestIndexSplitsByTheShapeOfTheCall::test_a_condition_travels_to_the_django_branch
ERROR tests/unit/orm/test_table_objects.py::TestIndexSplitsByTheShapeOfTheCall::test_the_unique_index_refuses_the_django_shape
ERROR tests/unit/orm/test_table_objects.py::TestIndexSplitsByTheShapeOfTheCall::test_the_unique_index_still_takes_its_definition_positionally
ERROR tests/unit/orm/test_table_objects.py::TestIndexSplitsByTheShapeOfTheCall::test_it_refuses_a_call_with_neither_shape
ERROR tests/unit/orm/test_temporal_field_shape.py::TestWhyTheDjangoFieldIsNotSubclassed::test_datetimefield_is_a_subclass_of_datefield
ERROR tests/unit/orm/test_temporal_field_shape.py::TestWhyTheDjangoFieldIsNotSubclassed::test_the_deconstruction_path_is_the_one_of_django
ERROR tests/unit/orm/test_temporal_field_shape.py::TestWhyTheDjangoFieldIsNotSubclassed::test_the_protocol_methods_are_attached
ERROR tests/unit/orm/test_temporal_field_shape.py::TestWhyTheDjangoFieldIsNotSubclassed::test_the_dispatcher_is_a_function_and_so_it_is_attached
ERROR tests/unit/orm/test_temporal_field_shape.py::TestWhyTheDjangoFieldIsNotSubclassed::test_the_call_shape_is_the_one_of_the_source
ERROR tests/unit/orm/test_temporal_field_shape.py::TestInDrfTheAnswerWouldBeTheOpposite::test_the_drf_field_is_a_class_meant_for_subclassing
ERROR tests/unit/orm/test_temporal_field_shape.py::TestInDrfTheAnswerWouldBeTheOpposite::test_a_drf_field_subclass_touches_no_migration
ERROR tests/unit/orm/test_temporal_field_shape.py::TestInDrfTheAnswerWouldBeTheOpposite::test_the_tree_declares_no_custom_drf_field_yet
ERROR tests/unit/orm/test_temporal_field_shape.py::TestTheModuleDeclaresItsOwnShape::test_the_docstring_declares_both_mechanisms
ERROR tests/unit/orm/test_trigger_tree.py::TestTheEmptyTree::test_a_tree_without_root_or_children_is_false
ERROR tests/unit/orm/test_trigger_tree.py::TestTheEmptyTree::test_a_tree_with_a_root_is_true
ERROR tests/unit/orm/test_trigger_tree.py::TestTheEmptyTree::test_a_tree_with_a_child_but_no_root_is_true
ERROR tests/unit/orm/test_trigger_tree.py::TestTheEmptyTree::test_the_default_root_is_empty
ERROR tests/unit/orm/test_trigger_tree.py::TestGrowingTheTree::test_it_creates_the_subtree_on_first_call
ERROR tests/unit/orm/test_trigger_tree.py::TestGrowingTheTree::test_it_returns_the_same_subtree_on_the_second_call
ERROR tests/unit/orm/test_trigger_tree.py::TestGrowingTheTree::test_the_created_subtree_starts_empty
ERROR tests/unit/orm/test_trigger_tree.py::TestTheTreeOfTheDocstring::test_the_root_holds_the_direct_dependent
ERROR tests/unit/orm/test_trigger_tree.py::TestTheTreeOfTheDocstring::test_the_branch_of_x_holds_the_field_that_depends_on_x_f
ERROR tests/unit/orm/test_trigger_tree.py::TestTheTreeOfTheDocstring::test_the_branch_of_w_under_x_holds_the_two_hop_dependent
ERROR tests/unit/orm/test_trigger_tree.py::TestTheTreeOfTheDocstring::test_depth_first_visits_every_node_once
ERROR tests/unit/orm/test_trigger_tree.py::TestTheTreeOfTheDocstring::test_depth_first_yields_the_root_before_its_children
ERROR tests/unit/orm/test_trigger_tree.py::TestMerging::test_two_roots_join_into_one
ERROR tests/unit/orm/test_trigger_tree.py::TestMerging::test_a_repeated_field_appears_once
ERROR tests/unit/orm/test_trigger_tree.py::TestMerging::test_subtrees_under_the_same_key_merge_recursively
ERROR tests/unit/orm/test_trigger_tree.py::TestMerging::test_select_discards_the_fields_it_rejects
ERROR tests/unit/orm/test_trigger_tree.py::TestMerging::test_a_subtree_left_empty_by_select_is_not_kept
ERROR tests/unit/orm/test_trigger_tree.py::TestMerging::test_merging_nothing_gives_an_empty_tree
ERROR tests/unit/orm/test_trigger_tree.py::TestItsShape::test_it_is_a_dict - ...
ERROR tests/unit/orm/test_trigger_tree.py::TestItsShape::test_it_declares_its_slots
ERROR tests/unit/orm/test_trigger_tree.py::TestItsShape::test_its_repr_shows_the_root_and_the_children
ERROR tests/unit/orm/test_trigger_tree.py::TestTheKeyIsOnlyAKey::test_a_bare_object_works_as_a_key
ERROR tests/unit/orm/test_trigger_tree.py::TestTheKeyIsOnlyAKey::test_an_opaque_key_survives_the_whole_walk
ERROR tests/unit/orm/test_trigger_tree.py::TestTheKeyIsOnlyAKey::test_an_opaque_key_survives_the_merge
ERROR tests/unit/orm/test_trigger_tree.py::TestTheKeyIsOnlyAKey::test_only_the_select_predicate_reads_the_field
ERROR tests/unit/orm/test_trigger_tree.py::TestTheDummyLock::test_acquiring_and_releasing_do_nothing
ERROR tests/unit/orm/test_trigger_tree.py::TestTheDummyLock::test_it_works_as_a_context_manager
ERROR tests/unit/orm/test_trigger_tree.py::TestTheDummyLock::test_it_is_reentrant
ERROR tests/unit/orm/test_trigger_tree.py::TestTheDummyLock::test_it_does_not_swallow_an_exception
ERROR tests/unit/orm/test_unaccent.py::TestTheExtensionIsInstalled::test_the_flag_is_on
1 xfailed, 1 warning, 2205 errors in 9.83s
EXIT=1
